"name_poly","Read1","Read2","fraction_of_unmatched","Peaks_A","Peaks_T","Peaks_G","Peaks_C"
"dmel_rDNA_ITS2_Other_rDNA.fa_001","breve_DNA3799_5M_R1.fq","breve_DNA3799_5M_R2.fq",0.00335943732233745,"62 119 206 299 353","38 44 135 279 366","68 244 380","118"
"dmel_rDNA_ITS2_Other_rDNA.fa_002","geopearlis_DNA4731_5M_R1.fq","geopearlis_DNA4731_5M_R2.fq",NA,"","","",""
"dmel_rDNA_ITS2_Other_rDNA.fa_003","lividulum_DNA3486_5M_R1.fq","lividulum_DNA3486_5M_R2.fq",NA,"","","",""
"dmel_rDNA_ITS2_Other_rDNA.fa_004","saturatum_DNA3313_5M_R1.fq","saturatum_DNA3313_5M_R2.fq",NA,"","","",""
"dmel_rDNA_ITS2_Other_rDNA.fa_005","testatum_DNA3088_5M_R1.fq","testatum_DNA3088_5M_R2.fq",NA,"","","",""
"dmel_rDNA_ITS2_Other_rDNA.fa_006",NA,NA,NA,"","","",""
"dmel_rDNA_ITS2_Other_rDNA.fa_007",NA,NA,NA,"","","",""
"dmel_rDNA_ITS2_Other_rDNA.fa_008",NA,NA,NA,"","","",""
