Position,EU195798_2_Solanum_lycopersicum_retrotransposon_Kielia__complete_sequence.fa_003
1,0
2,0
3,0
4,1
5,6
6,19
7,19
8,19
9,19
10,19
11,19
12,19
13,19
14,19
15,19
16,19
17,19
18,19
19,19
20,19
21,19
22,19
23,19
24,19
25,19
26,19
27,19
28,19
29,19
30,19
31,19
32,19
33,19
34,19
35,19
36,19
37,19
38,18
39,16
40,16
41,16
42,16
43,15
44,15
45,15
46,14
47,14
48,14
49,14
50,14
51,12
52,12
53,11
54,7
55,6
56,6
57,6
58,6
59,6
60,6
61,0
62,0
63,0
64,0
65,0
66,0
67,0
68,0
69,0
70,0
71,0
72,0
73,0
74,0
75,0
76,0
77,0
78,0
79,0
80,0
81,0
82,0
83,0
84,0
85,0
86,0
87,0
88,0
89,0
90,0
91,0
92,0
93,0
94,0
95,0
96,0
97,0
98,0
99,0
100,0
101,0
102,0
103,0
104,0
105,0
106,0
107,0
108,0
109,0
110,0
111,0
112,0
113,0
114,1
115,1
116,1
117,1
118,2
119,2
120,2
121,2
122,2
123,2
124,2
125,2
126,2
127,2
128,2
129,3
130,3
131,4
132,4
133,4
134,4
135,4
136,4
137,4
138,4
139,4
140,4
141,4
142,4
143,4
144,4
145,6
146,16
147,16
148,17
149,17
150,17
151,17
152,17
153,17
154,17
155,17
156,17
157,20
158,20
159,20
160,34
161,34
162,34
163,34
164,50
165,60
166,61
167,67
168,69
169,70
170,70
171,71
172,71
173,73
174,73
175,74
176,76
177,76
178,76
179,76
180,76
181,78
182,79
183,79
184,79
185,79
186,77
187,102
188,103
189,104
190,105
191,108
192,114
193,114
194,112
195,113
196,114
197,118
198,118
199,119
200,119
201,120
202,120
203,121
204,123
205,124
206,125
207,127
208,128
209,128
210,128
211,132
212,131
213,131
214,130
215,136
216,139
217,136
218,136
219,139
220,138
221,137
222,138
223,136
224,134
225,134
226,133
227,133
228,134
229,135
230,136
231,134
232,134
233,135
234,134
235,134
236,134
237,134
238,137
239,136
240,136
241,135
242,135
243,135
244,135
245,135
246,135
247,133
248,133
249,130
250,142
251,147
252,148
253,152
254,152
255,151
256,152
257,159
258,159
259,160
260,156
261,156
262,161
263,159
264,163
265,164
266,165
267,167
268,167
269,168
270,172
271,169
272,170
273,166
274,167
275,166
276,167
277,166
278,168
279,168
280,171
281,170
282,173
283,172
284,171
285,170
286,170
287,167
288,169
289,169
290,168
291,168
292,166
293,166
294,167
295,166
296,166
297,165
298,167
299,167
300,167
301,165
302,167
303,167
304,167
305,172
306,172
307,172
308,173
309,174
310,175
311,176
312,175
313,177
314,179
315,180
316,180
317,181
318,180
319,181
320,184
321,185
322,185
323,187
324,189
325,188
326,187
327,182
328,193
329,194
330,196
331,197
332,195
333,197
334,198
335,200
336,201
337,216
338,213
339,214
340,215
341,215
342,215
343,215
344,214
345,214
346,213
347,212
348,210
349,208
350,207
351,202
352,198
353,191
354,188
355,186
356,181
357,191
358,199
359,201
360,202
361,202
362,197
363,195
364,195
365,194
366,212
367,213
368,214
369,210
370,210
371,207
372,206
373,209
374,209
375,209
376,207
377,206
378,207
379,205
380,202
381,201
382,204
383,205
384,203
385,203
386,201
387,200
388,198
389,190
390,196
391,201
392,202
393,202
394,202
395,203
396,203
397,203
398,202
399,199
400,202
401,202
402,203
403,203
404,163
405,161
406,147
407,146
408,140
409,138
410,136
411,134
412,134
413,134
414,131
415,131
416,132
417,133
418,135
419,138
420,144
421,149
422,149
423,151
424,154
425,154
426,158
427,160
428,161
429,159
430,160
431,157
432,161
433,164
434,170
435,172
436,175
437,179
438,176
439,175
440,176
441,179
442,175
443,179
444,179
445,180
446,179
447,180
448,181
449,179
450,184
451,182
452,183
453,189
454,190
455,191
456,187
457,190
458,190
459,190
460,188
461,187
462,183
463,182
464,182
465,180
466,180
467,182
468,182
469,180
470,180
471,179
472,177
473,178
474,174
475,174
476,174
477,175
478,173
479,174
480,173
481,171
482,171
483,172
484,172
485,176
486,176
487,178
488,174
489,174
490,176
491,172
492,168
493,168
494,172
495,171
496,171
497,174
498,172
499,173
500,173
501,173
502,174
503,174
504,177
505,179
506,179
507,181
508,181
509,182
510,181
511,183
512,182
513,183
514,170
515,170
516,170
517,170
518,171
519,169
520,158
521,158
522,157
523,157
524,159
525,160
526,158
527,155
528,154
529,152
530,139
531,142
532,142
533,145
534,142
535,142
536,142
537,141
538,143
539,141
540,141
541,136
542,135
543,135
544,135
545,135
546,135
547,135
548,133
549,132
550,129
551,128
552,126
553,126
554,124
555,122
556,120
557,120
558,118
559,120
560,120
561,121
562,122
563,123
564,123
565,123
566,123
567,122
568,124
569,123
570,122
571,123
572,123
573,123
574,122
575,122
576,122
577,119
578,119
579,118
580,116
581,115
582,115
583,112
584,113
585,111
586,112
587,112
588,113
589,113
590,113
591,113
592,113
593,114
594,110
595,108
596,106
597,105
598,104
599,103
600,104
601,102
602,102
603,99
604,97
605,97
606,94
607,92
608,93
609,93
610,92
611,89
612,93
613,91
614,93
615,93
616,92
617,93
618,93
619,92
620,88
621,89
622,90
623,89
624,89
625,86
626,87
627,87
628,88
629,89
630,88
631,88
632,89
633,87
634,86
635,83
636,82
637,82
638,82
639,82
640,82
641,82
642,82
643,81
644,82
645,78
646,84
647,85
648,85
649,85
650,86
651,88
652,89
653,89
654,90
655,91
656,93
657,94
658,94
659,96
660,96
661,95
662,91
663,94
664,101
665,102
666,103
667,104
668,104
669,104
670,107
671,108
672,109
673,108
674,109
675,109
676,109
677,109
678,110
679,108
680,110
681,112
682,112
683,111
684,110
685,110
686,108
687,109
688,114
689,117
690,119
691,119
692,117
693,117
694,119
695,121
696,121
697,125
698,129
699,127
700,130
701,132
702,132
703,131
704,128
705,128
706,131
707,134
708,139
709,142
710,143
711,143
712,144
713,144
714,144
715,145
716,148
717,148
718,147
719,149
720,151
721,150
722,152
723,155
724,159
725,162
726,162
727,161
728,160
729,160
730,159
731,159
732,162
733,162
734,172
735,176
736,177
737,181
738,183
739,184
740,184
741,183
742,181
743,183
744,183
745,182
746,190
747,187
748,187
749,188
750,184
751,184
752,186
753,186
754,184
755,184
756,188
757,185
758,185
759,186
760,186
761,188
762,189
763,188
764,195
765,196
766,196
767,196
768,201
769,203
770,202
771,202
772,201
773,202
774,202
775,203
776,205
777,205
778,205
779,205
780,203
781,201
782,207
783,211
784,211
785,209
786,208
787,210
788,206
789,207
790,208
791,212
792,216
793,213
794,213
795,213
796,208
797,219
798,218
799,213
800,215
801,216
802,215
803,222
804,222
805,215
806,204
807,221
808,225
809,230
810,230
811,229
812,231
813,232
814,235
815,235
816,237
817,236
818,237
819,237
820,237
821,234
822,236
823,233
824,229
825,233
826,234
827,235
828,235
829,235
830,236
831,234
832,234
833,226
834,225
835,226
836,227
837,225
838,223
839,220
840,219
841,220
842,221
843,216
844,213
845,211
846,211
847,209
848,210
849,207
850,208
851,209
852,210
853,209
854,211
855,206
856,200
857,203
858,200
859,200
860,200
861,203
862,201
863,200
864,198
865,194
866,195
867,193
868,187
869,185
870,183
871,184
872,183
873,182
874,180
875,180
876,181
877,182
878,179
879,180
880,179
881,185
882,183
883,183
884,185
885,184
886,184
887,184
888,181
889,179
890,175
891,174
892,173
893,172
894,171
895,169
896,166
897,162
898,159
899,162
900,160
901,159
902,153
903,148
904,146
905,135
906,135
907,135
908,135
909,129
910,129
911,129
912,129
913,124
914,123
915,122
916,121
917,120
918,120
919,119
920,117
921,115
922,114
923,115
924,113
925,111
926,110
927,111
928,110
929,108
930,112
931,112
932,112
933,108
934,108
935,106
936,103
937,103
938,102
939,102
940,104
941,105
942,107
943,106
944,104
945,104
946,105
947,104
948,104
949,105
950,104
951,104
952,101
953,104
954,101
955,100
956,95
957,104
958,104
959,108
960,108
961,104
962,105
963,107
964,108
965,109
966,110
967,110
968,111
969,107
970,110
971,110
972,110
973,110
974,104
975,108
976,109
977,109
978,112
979,111
980,112
981,109
982,111
983,111
984,110
985,111
986,112
987,112
988,111
989,110
990,110
991,111
992,111
993,112
994,112
995,116
996,114
997,112
998,111
999,111
1000,111
1001,110
1002,110
1003,109
1004,109
1005,109
1006,109
1007,109
1008,108
1009,108
1010,108
1011,107
1012,107
1013,105
1014,107
1015,108
1016,110
1017,108
1018,108
1019,107
1020,107
1021,107
1022,104
1023,103
1024,106
1025,108
1026,110
1027,110
1028,110
1029,110
1030,110
1031,110
1032,113
1033,116
1034,118
1035,118
1036,119
1037,118
1038,117
1039,119
1040,121
1041,119
1042,120
1043,121
1044,124
1045,127
1046,128
1047,127
1048,128
1049,128
1050,131
1051,132
1052,132
1053,128
1054,126
1055,125
1056,119
1057,134
1058,136
1059,138
1060,134
1061,132
1062,133
1063,129
1064,137
1065,140
1066,141
1067,141
1068,141
1069,140
1070,141
1071,140
1072,140
1073,137
1074,139
1075,141
1076,142
1077,141
1078,140
1079,141
1080,144
1081,140
1082,138
1083,141
1084,142
1085,143
1086,143
1087,153
1088,152
1089,154
1090,154
1091,156
1092,157
1093,160
1094,161
1095,159
1096,158
1097,158
1098,159
1099,161
1100,163
1101,164
1102,169
1103,169
1104,170
1105,171
1106,169
1107,169
1108,170
1109,170
1110,172
1111,171
1112,175
1113,178
1114,178
1115,179
1116,182
1117,184
1118,185
1119,186
1120,185
1121,189
1122,190
1123,190
1124,189
1125,190
1126,191
1127,191
1128,196
1129,197
1130,197
1131,198
1132,197
1133,195
1134,197
1135,199
1136,198
1137,199
1138,198
1139,200
1140,200
1141,199
1142,201
1143,201
1144,202
1145,202
1146,205
1147,205
1148,204
1149,206
1150,204
1151,203
1152,204
1153,201
1154,202
1155,202
1156,201
1157,202
1158,201
1159,204
1160,202
1161,200
1162,201
1163,201
1164,204
1165,205
1166,205
1167,205
1168,205
1169,205
1170,206
1171,203
1172,204
1173,207
1174,206
1175,208
1176,208
1177,208
1178,210
1179,212
1180,208
1181,208
1182,212
1183,212
1184,211
1185,212
1186,214
1187,210
1188,211
1189,212
1190,213
1191,211
1192,211
1193,208
1194,209
1195,213
1196,217
1197,217
1198,214
1199,212
1200,211
1201,209
1202,198
1203,203
1204,207
1205,207
1206,209
1207,206
1208,211
1209,212
1210,212
1211,214
1212,211
1213,212
1214,212
1215,214
1216,211
1217,211
1218,206
1219,213
1220,216
1221,220
1222,223
1223,218
1224,218
1225,221
1226,224
1227,221
1228,222
1229,220
1230,216
1231,218
1232,216
1233,215
1234,209
1235,210
1236,209
1237,207
1238,206
1239,207
1240,210
1241,204
1242,202
1243,202
1244,195
1245,206
1246,206
1247,205
1248,208
1249,208
1250,208
1251,212
1252,212
1253,209
1254,214
1255,215
1256,213
1257,213
1258,213
1259,213
1260,215
1261,212
1262,214
1263,220
1264,216
1265,215
1266,218
1267,218
1268,220
1269,217
1270,217
1271,217
1272,222
1273,221
1274,221
1275,222
1276,218
1277,217
1278,216
1279,217
1280,209
1281,207
1282,205
1283,205
1284,207
1285,205
1286,207
1287,203
1288,202
1289,199
1290,200
1291,199
1292,202
1293,201
1294,196
1295,184
1296,189
1297,195
1298,196
1299,196
1300,195
1301,193
1302,193
1303,194
1304,192
1305,191
1306,188
1307,188
1308,188
1309,188
1310,187
1311,188
1312,188
1313,188
1314,195
1315,193
1316,195
1317,192
1318,191
1319,187
1320,182
1321,179
1322,178
1323,178
1324,175
1325,175
1326,172
1327,173
1328,172
1329,169
1330,169
1331,171
1332,174
1333,173
1334,172
1335,173
1336,174
1337,174
1338,174
1339,176
1340,179
1341,180
1342,179
1343,176
1344,177
1345,177
1346,179
1347,173
1348,173
1349,172
1350,172
1351,167
1352,167
1353,167
1354,161
1355,162
1356,162
1357,161
1358,159
1359,156
1360,159
1361,164
1362,158
1363,155
1364,154
1365,155
1366,154
1367,154
1368,148
1369,148
1370,146
1371,146
1372,155
1373,154
1374,151
1375,156
1376,159
1377,158
1378,158
1379,159
1380,161
1381,161
1382,164
1383,163
1384,164
1385,163
1386,161
1387,163
1388,165
1389,168
1390,167
1391,172
1392,173
1393,171
1394,171
1395,170
1396,163
1397,169
1398,168
1399,169
1400,169
1401,170
1402,171
1403,171
1404,173
1405,169
1406,170
1407,171
1408,171
1409,167
1410,171
1411,172
1412,171
1413,170
1414,169
1415,165
1416,165
1417,171
1418,170
1419,168
1420,169
1421,166
1422,168
1423,172
1424,172
1425,176
1426,176
1427,177
1428,178
1429,178
1430,182
1431,181
1432,184
1433,185
1434,188
1435,187
1436,186
1437,186
1438,187
1439,190
1440,191
1441,189
1442,187
1443,188
1444,191
1445,193
1446,193
1447,195
1448,195
1449,194
1450,196
1451,196
1452,197
1453,202
1454,206
1455,205
1456,207
1457,206
1458,206
1459,209
1460,211
1461,210
1462,210
1463,211
1464,215
1465,214
1466,216
1467,216
1468,216
1469,223
1470,222
1471,220
1472,223
1473,223
1474,222
1475,224
1476,216
1477,216
1478,216
1479,217
1480,221
1481,223
1482,226
1483,226
1484,226
1485,223
1486,220
1487,222
1488,219
1489,221
1490,224
1491,224
1492,227
1493,227
1494,219
1495,221
1496,221
1497,223
1498,224
1499,222
1500,223
1501,222
1502,221
1503,225
1504,223
1505,229
1506,227
1507,226
1508,227
1509,223
1510,229
1511,237
1512,242
1513,240
1514,241
1515,238
1516,246
1517,250
1518,251
1519,251
1520,254
1521,257
1522,249
1523,251
1524,253
1525,252
1526,253
1527,254
1528,253
1529,248
1530,245
1531,242
1532,243
1533,245
1534,243
1535,245
1536,244
1537,241
1538,243
1539,245
1540,245
1541,247
1542,248
1543,248
1544,242
1545,244
1546,245
1547,246
1548,250
1549,250
1550,247
1551,248
1552,249
1553,246
1554,244
1555,249
1556,250
1557,252
1558,256
1559,253
1560,252
1561,249
1562,245
1563,246
1564,260
1565,266
1566,269
1567,267
1568,268
1569,272
1570,273
1571,270
1572,271
1573,272
1574,272
1575,274
1576,271
1577,271
1578,257
1579,266
1580,270
1581,283
1582,284
1583,286
1584,289
1585,296
1586,301
1587,300
1588,301
1589,302
1590,305
1591,308
1592,309
1593,310
1594,312
1595,318
1596,321
1597,320
1598,320
1599,317
1600,328
1601,333
1602,338
1603,336
1604,335
1605,337
1606,337
1607,341
1608,348
1609,356
1610,359
1611,357
1612,351
1613,353
1614,353
1615,356
1616,352
1617,348
1618,349
1619,355
1620,357
1621,356
1622,360
1623,362
1624,363
1625,360
1626,360
1627,361
1628,362
1629,360
1630,359
1631,376
1632,374
1633,376
1634,376
1635,381
1636,383
1637,382
1638,384
1639,388
1640,387
1641,385
1642,386
1643,385
1644,383
1645,389
1646,390
1647,394
1648,389
1649,391
1650,394
1651,392
1652,394
1653,395
1654,393
1655,389
1656,388
1657,384
1658,375
1659,378
1660,376
1661,367
1662,370
1663,366
1664,355
1665,347
1666,357
1667,357
1668,359
1669,359
1670,361
1671,360
1672,351
1673,351
1674,339
1675,345
1676,346
1677,348
1678,344
1679,344
1680,340
1681,339
1682,337
1683,334
1684,332
1685,328
1686,328
1687,321
1688,322
1689,323
1690,320
1691,316
1692,316
1693,314
1694,307
1695,300
1696,295
1697,294
1698,286
1699,286
1700,262
1701,272
1702,274
1703,275
1704,276
1705,274
1706,278
1707,273
1708,264
1709,260
1710,253
1711,264
1712,265
1713,264
1714,263
1715,258
1716,256
1717,253
1718,249
1719,248
1720,243
1721,243
1722,240
1723,235
1724,236
1725,237
1726,238
1727,240
1728,238
1729,239
1730,240
1731,229
1732,224
1733,225
1734,223
1735,220
1736,219
1737,216
1738,215
1739,208
1740,210
1741,208
1742,204
1743,201
1744,199
1745,205
1746,208
1747,203
1748,204
1749,204
1750,198
1751,198
1752,177
1753,177
1754,174
1755,187
1756,191
1757,197
1758,199
1759,200
1760,215
1761,214
1762,215
1763,215
1764,216
1765,216
1766,219
1767,223
1768,224
1769,227
1770,229
1771,227
1772,228
1773,233
1774,233
1775,233
1776,233
1777,236
1778,236
1779,233
1780,236
1781,236
1782,239
1783,240
1784,240
1785,242
1786,245
1787,247
1788,247
1789,246
1790,245
1791,246
1792,250
1793,252
1794,253
1795,253
1796,257
1797,260
1798,259
1799,260
1800,255
1801,255
1802,244
1803,250
1804,253
1805,260
1806,261
1807,259
1808,260
1809,259
1810,253
1811,252
1812,251
1813,250
1814,254
1815,254
1816,254
1817,255
1818,257
1819,256
1820,264
1821,263
1822,264
1823,267
1824,267
1825,267
1826,271
1827,269
1828,269
1829,268
1830,269
1831,266
1832,268
1833,271
1834,268
1835,271
1836,271
1837,269
1838,266
1839,267
1840,268
1841,268
1842,268
1843,261
1844,250
1845,266
1846,266
1847,268
1848,270
1849,273
1850,273
1851,272
1852,268
1853,261
1854,262
1855,263
1856,264
1857,259
1858,259
1859,259
1860,260
1861,261
1862,259
1863,263
1864,257
1865,258
1866,255
1867,246
1868,239
1869,245
1870,245
1871,248
1872,245
1873,246
1874,246
1875,247
1876,244
1877,245
1878,241
1879,238
1880,239
1881,237
1882,235
1883,234
1884,232
1885,235
1886,231
1887,230
1888,228
1889,230
1890,233
1891,230
1892,230
1893,226
1894,225
1895,219
1896,221
1897,221
1898,221
1899,220
1900,219
1901,217
1902,219
1903,217
1904,210
1905,211
1906,211
1907,211
1908,211
1909,207
1910,208
1911,206
1912,204
1913,198
1914,198
1915,197
1916,196
1917,196
1918,192
1919,191
1920,187
1921,184
1922,186
1923,187
1924,192
1925,200
1926,196
1927,195
1928,196
1929,195
1930,197
1931,197
1932,192
1933,194
1934,193
1935,193
1936,193
1937,197
1938,194
1939,192
1940,188
1941,190
1942,189
1943,181
1944,185
1945,192
1946,194
1947,193
1948,194
1949,194
1950,193
1951,202
1952,203
1953,205
1954,207
1955,211
1956,213
1957,213
1958,217
1959,215
1960,215
1961,216
1962,223
1963,231
1964,232
1965,229
1966,228
1967,230
1968,228
1969,231
1970,232
1971,233
1972,231
1973,230
1974,231
1975,231
1976,237
1977,236
1978,239
1979,245
1980,246
1981,249
1982,250
1983,253
1984,253
1985,255
1986,256
1987,253
1988,248
1989,251
1990,251
1991,252
1992,251
1993,251
1994,243
1995,255
1996,257
1997,260
1998,260
1999,262
2000,266
2001,268
2002,269
2003,268
2004,273
2005,272
2006,277
2007,283
2008,286
2009,288
2010,290
2011,292
2012,297
2013,297
2014,303
2015,304
2016,304
2017,306
2018,313
2019,313
2020,314
2021,314
2022,314
2023,317
2024,313
2025,309
2026,310
2027,320
2028,322
2029,321
2030,321
2031,324
2032,324
2033,325
2034,329
2035,327
2036,325
2037,329
2038,338
2039,339
2040,342
2041,341
2042,342
2043,340
2044,338
2045,337
2046,339
2047,336
2048,340
2049,337
2050,338
2051,344
2052,347
2053,344
2054,341
2055,338
2056,335
2057,336
2058,336
2059,330
2060,329
2061,322
2062,315
2063,323
2064,336
2065,339
2066,340
2067,345
2068,344
2069,343
2070,346
2071,347
2072,348
2073,352
2074,348
2075,347
2076,341
2077,344
2078,342
2079,341
2080,339
2081,339
2082,336
2083,334
2084,335
2085,332
2086,329
2087,327
2088,345
2089,349
2090,352
2091,350
2092,353
2093,357
2094,357
2095,356
2096,358
2097,354
2098,359
2099,358
2100,356
2101,354
2102,352
2103,355
2104,350
2105,346
2106,347
2107,345
2108,340
2109,340
2110,343
2111,342
2112,340
2113,345
2114,342
2115,343
2116,332
2117,342
2118,346
2119,348
2120,348
2121,353
2122,356
2123,352
2124,354
2125,356
2126,353
2127,348
2128,346
2129,342
2130,344
2131,340
2132,338
2133,338
2134,333
2135,332
2136,330
2137,313
2138,300
2139,320
2140,321
2141,326
2142,327
2143,332
2144,333
2145,328
2146,327
2147,328
2148,330
2149,327
2150,327
2151,315
2152,317
2153,314
2154,318
2155,317
2156,318
2157,321
2158,321
2159,322
2160,322
2161,303
2162,305
2163,306
2164,302
2165,297
2166,297
2167,298
2168,301
2169,302
2170,296
2171,294
2172,293
2173,292
2174,294
2175,298
2176,293
2177,293
2178,290
2179,292
2180,297
2181,292
2182,292
2183,294
2184,287
2185,286
2186,289
2187,288
2188,283
2189,281
2190,280
2191,277
2192,268
2193,268
2194,270
2195,270
2196,269
2197,270
2198,275
2199,277
2200,272
2201,273
2202,271
2203,274
2204,277
2205,276
2206,275
2207,271
2208,265
2209,265
2210,267
2211,262
2212,263
2213,259
2214,257
2215,257
2216,258
2217,253
2218,251
2219,249
2220,245
2221,235
2222,241
2223,247
2224,245
2225,244
2226,245
2227,242
2228,243
2229,243
2230,244
2231,242
2232,239
2233,240
2234,239
2235,240
2236,238
2237,238
2238,236
2239,233
2240,232
2241,228
2242,230
2243,229
2244,228
2245,226
2246,225
2247,225
2248,224
2249,225
2250,225
2251,225
2252,216
2253,215
2254,216
2255,215
2256,213
2257,212
2258,213
2259,213
2260,209
2261,209
2262,208
2263,206
2264,204
2265,208
2266,209
2267,203
2268,197
2269,200
2270,201
2271,203
2272,201
2273,203
2274,202
2275,196
2276,196
2277,197
2278,197
2279,192
2280,184
2281,186
2282,185
2283,186
2284,185
2285,186
2286,183
2287,185
2288,183
2289,178
2290,177
2291,175
2292,175
2293,176
2294,164
2295,163
2296,166
2297,165
2298,162
2299,155
2300,154
2301,154
2302,153
2303,149
2304,160
2305,160
2306,161
2307,163
2308,165
2309,165
2310,165
2311,168
2312,168
2313,169
2314,169
2315,170
2316,170
2317,170
2318,166
2319,164
2320,162
2321,169
2322,171
2323,169
2324,173
2325,172
2326,167
2327,166
2328,166
2329,166
2330,171
2331,169
2332,169
2333,166
2334,165
2335,164
2336,150
2337,159
2338,165
2339,164
2340,163
2341,163
2342,159
2343,159
2344,159
2345,159
2346,157
2347,155
2348,154
2349,152
2350,154
2351,155
2352,156
2353,157
2354,156
2355,155
2356,156
2357,156
2358,155
2359,154
2360,154
2361,153
2362,151
2363,155
2364,152
2365,151
2366,149
2367,150
2368,150
2369,148
2370,149
2371,148
2372,149
2373,148
2374,149
2375,148
2376,147
2377,145
2378,144
2379,144
2380,145
2381,145
2382,144
2383,144
2384,145
2385,143
2386,140
2387,140
2388,139
2389,142
2390,142
2391,140
2392,140
2393,138
2394,139
2395,138
2396,139
2397,139
2398,137
2399,139
2400,141
2401,143
2402,143
2403,142
2404,143
2405,141
2406,147
2407,146
2408,145
2409,145
2410,141
2411,140
2412,137
2413,141
2414,141
2415,142
2416,145
2417,142
2418,140
2419,142
2420,144
2421,138
2422,138
2423,139
2424,151
2425,155
2426,161
2427,159
2428,152
2429,152
2430,157
2431,157
2432,156
2433,155
2434,155
2435,160
2436,159
2437,162
2438,165
2439,172
2440,174
2441,175
2442,178
2443,181
2444,181
2445,181
2446,193
2447,198
2448,202
2449,207
2450,207
2451,211
2452,213
2453,214
2454,216
2455,220
2456,220
2457,221
2458,221
2459,224
2460,227
2461,226
2462,233
2463,234
2464,238
2465,236
2466,236
2467,238
2468,244
2469,245
2470,248
2471,252
2472,250
2473,250
2474,252
2475,252
2476,259
2477,262
2478,263
2479,264
2480,263
2481,270
2482,268
2483,272
2484,272
2485,273
2486,271
2487,274
2488,279
2489,284
2490,285
2491,291
2492,296
2493,297
2494,299
2495,304
2496,307
2497,307
2498,307
2499,313
2500,316
2501,317
2502,322
2503,322
2504,324
2505,323
2506,319
2507,317
2508,320
2509,319
2510,318
2511,320
2512,322
2513,318
2514,314
2515,313
2516,315
2517,316
2518,313
2519,311
2520,308
2521,313
2522,310
2523,306
2524,304
2525,302
2526,300
2527,299
2528,298
2529,296
2530,291
2531,287
2532,279
2533,281
2534,281
2535,282
2536,281
2537,281
2538,279
2539,275
2540,276
2541,273
2542,273
2543,271
2544,269
2545,263
2546,257
2547,252
2548,247
2549,247
2550,246
2551,244
2552,241
2553,239
2554,238
2555,234
2556,235
2557,233
2558,231
2559,228
2560,226
2561,226
2562,218
2563,217
2564,213
2565,216
2566,214
2567,213
2568,210
2569,209
2570,203
2571,199
2572,204
2573,204
2574,205
2575,200
2576,198
2577,195
2578,193
2579,190
2580,190
2581,187
2582,187
2583,184
2584,185
2585,184
2586,181
2587,176
2588,158
2589,160
2590,163
2591,163
2592,160
2593,148
2594,147
2595,147
2596,142
2597,143
2598,141
2599,134
2600,131
2601,127
2602,126
2603,125
2604,119
2605,120
2606,120
2607,120
2608,120
2609,121
2610,120
2611,116
2612,116
2613,116
2614,114
2615,113
2616,112
2617,111
2618,110
2619,104
2620,105
2621,106
2622,105
2623,104
2624,102
2625,103
2626,106
2627,106
2628,105
2629,98
2630,94
2631,94
2632,94
2633,94
2634,101
2635,101
2636,101
2637,101
2638,100
2639,99
2640,103
2641,103
2642,100
2643,103
2644,103
2645,105
2646,104
2647,103
2648,103
2649,103
2650,100
2651,99
2652,99
2653,99
2654,97
2655,97
2656,98
2657,96
2658,96
2659,100
2660,100
2661,99
2662,100
2663,100
2664,98
2665,95
2666,89
2667,93
2668,94
2669,94
2670,94
2671,92
2672,90
2673,92
2674,92
2675,91
2676,92
2677,91
2678,92
2679,95
2680,94
2681,93
2682,92
2683,90
2684,90
2685,91
2686,91
2687,92
2688,93
2689,92
2690,91
2691,91
2692,93
2693,93
2694,92
2695,92
2696,91
2697,90
2698,90
2699,89
2700,93
2701,94
2702,95
2703,95
2704,96
2705,95
2706,95
2707,95
2708,93
2709,91
2710,90
2711,89
2712,88
2713,87
2714,86
2715,85
2716,84
2717,85
2718,87
2719,86
2720,85
2721,86
2722,87
2723,88
2724,87
2725,85
2726,88
2727,89
2728,92
2729,90
2730,91
2731,90
2732,89
2733,88
2734,89
2735,91
2736,91
2737,90
2738,92
2739,89
2740,87
2741,85
2742,83
2743,82
2744,81
2745,81
2746,81
2747,80
2748,81
2749,82
2750,82
2751,82
2752,82
2753,81
2754,82
2755,80
2756,79
2757,79
2758,79
2759,77
2760,75
2761,77
2762,76
2763,78
2764,80
2765,80
2766,80
2767,80
2768,80
2769,81
2770,80
2771,80
2772,79
2773,78
2774,80
2775,80
2776,80
2777,79
2778,79
2779,78
2780,77
2781,78
2782,78
2783,78
2784,77
2785,76
2786,77
2787,76
2788,75
2789,75
2790,75
2791,75
2792,73
2793,74
2794,77
2795,76
2796,74
2797,74
2798,75
2799,73
2800,68
2801,71
2802,72
2803,71
2804,72
2805,73
2806,73
2807,74
2808,73
2809,73
2810,74
2811,74
2812,77
2813,76
2814,77
2815,80
2816,80
2817,79
2818,80
2819,81
2820,84
2821,84
2822,83
2823,84
2824,86
2825,82
2826,81
2827,83
2828,82
2829,86
2830,87
2831,87
2832,88
2833,89
2834,92
2835,92
2836,94
2837,92
2838,92
2839,95
2840,95
2841,96
2842,97
2843,99
2844,100
2845,100
2846,102
2847,101
2848,102
2849,102
2850,104
2851,104
2852,104
2853,103
2854,108
2855,108
2856,110
2857,108
2858,108
2859,110
2860,109
2861,107
2862,103
2863,103
2864,102
2865,104
2866,105
2867,107
2868,105
2869,108
2870,107
2871,106
2872,106
2873,107
2874,105
2875,102
2876,102
2877,110
2878,111
2879,113
2880,115
2881,116
2882,119
2883,121
2884,121
2885,121
2886,124
2887,125
2888,125
2889,127
2890,128
2891,129
2892,130
2893,128
2894,129
2895,129
2896,129
2897,131
2898,132
2899,132
2900,130
2901,129
2902,131
2903,131
2904,131
2905,132
2906,133
2907,134
2908,134
2909,133
2910,132
2911,130
2912,130
2913,130
2914,126
2915,124
2916,123
2917,123
2918,120
2919,120
2920,120
2921,119
2922,119
2923,117
2924,117
2925,115
2926,117
2927,116
2928,113
2929,112
2930,112
2931,112
2932,112
2933,113
2934,111
2935,107
2936,103
2937,104
2938,104
2939,103
2940,103
2941,102
2942,97
2943,99
2944,98
2945,97
2946,95
2947,96
2948,97
2949,93
2950,93
2951,93
2952,94
2953,91
2954,91
2955,91
2956,89
2957,90
2958,89
2959,89
2960,88
2961,89
2962,89
2963,89
2964,90
2965,90
2966,88
2967,87
2968,85
2969,86
2970,87
2971,87
2972,88
2973,86
2974,87
2975,85
2976,87
2977,83
2978,81
2979,82
2980,79
2981,77
2982,75
2983,72
2984,67
2985,67
2986,62
2987,62
2988,62
2989,62
2990,59
2991,59
2992,57
2993,56
2994,55
2995,56
2996,55
2997,54
2998,53
2999,53
3000,54
3001,53
3002,50
3003,50
3004,50
3005,45
3006,45
3007,46
3008,45
3009,45
3010,45
3011,45
3012,48
3013,47
3014,48
3015,48
3016,47
3017,47
3018,47
3019,46
3020,47
3021,47
3022,47
3023,46
3024,44
3025,44
3026,43
3027,43
3028,43
3029,43
3030,43
3031,44
3032,45
3033,43
3034,43
3035,44
3036,44
3037,43
3038,44
3039,43
3040,43
3041,43
3042,43
3043,43
3044,44
3045,44
3046,44
3047,44
3048,43
3049,43
3050,43
3051,44
3052,45
3053,45
3054,45
3055,45
3056,40
3057,43
3058,43
3059,44
3060,44
3061,44
3062,42
3063,43
3064,43
3065,43
3066,43
3067,42
3068,37
3069,38
3070,39
3071,38
3072,37
3073,37
3074,37
3075,37
3076,37
3077,37
3078,37
3079,36
3080,35
3081,35
3082,36
3083,37
3084,37
3085,37
3086,37
3087,37
3088,37
3089,38
3090,38
3091,39
3092,39
3093,39
3094,41
3095,40
3096,40
3097,41
3098,41
3099,40
3100,40
3101,40
3102,40
3103,34
3104,34
3105,34
3106,34
3107,34
3108,34
3109,41
3110,41
3111,41
3112,41
3113,42
3114,41
3115,41
3116,43
3117,44
3118,44
3119,43
3120,44
3121,44
3122,44
3123,44
3124,45
3125,44
3126,45
3127,45
3128,44
3129,40
3130,42
3131,42
3132,42
3133,44
3134,44
3135,43
3136,43
3137,41
3138,43
3139,43
3140,43
3141,41
3142,47
3143,48
3144,48
3145,48
3146,48
3147,48
3148,48
3149,49
3150,49
3151,48
3152,48
3153,49
3154,48
3155,50
3156,49
3157,49
3158,49
3159,49
3160,48
3161,48
3162,48
3163,49
3164,49
3165,49
3166,49
3167,50
3168,52
3169,53
3170,52
3171,52
3172,50
3173,53
3174,53
3175,53
3176,53
3177,53
3178,53
3179,53
3180,52
3181,56
3182,55
3183,56
3184,55
3185,54
3186,54
3187,54
3188,50
3189,53
3190,53
3191,54
3192,56
3193,58
3194,58
3195,58
3196,58
3197,62
3198,62
3199,61
3200,62
3201,62
3202,62
3203,62
3204,62
3205,63
3206,63
3207,67
3208,66
3209,69
3210,68
3211,67
3212,68
3213,73
3214,72
3215,73
3216,76
3217,77
3218,80
3219,81
3220,82
3221,82
3222,83
3223,82
3224,82
3225,81
3226,79
3227,80
3228,80
3229,80
3230,79
3231,81
3232,81
3233,82
3234,82
3235,82
3236,82
3237,82
3238,82
3239,75
3240,76
3241,83
3242,83
3243,83
3244,83
3245,83
3246,84
3247,84
3248,83
3249,83
3250,81
3251,78
3252,80
3253,80
3254,80
3255,81
3256,82
3257,82
3258,81
3259,83
3260,84
3261,84
3262,85
3263,85
3264,86
3265,85
3266,87
3267,86
3268,85
3269,85
3270,85
3271,85
3272,85
3273,85
3274,86
3275,87
3276,87
3277,87
3278,87
3279,87
3280,87
3281,87
3282,87
3283,87
3284,88
3285,91
3286,89
3287,89
3288,91
3289,90
3290,91
3291,90
3292,89
3293,86
3294,86
3295,84
3296,83
3297,81
3298,82
3299,82
3300,81
3301,81
3302,82
3303,83
3304,82
3305,81
3306,80
3307,78
3308,71
3309,75
3310,75
3311,75
3312,75
3313,74
3314,74
3315,72
3316,67
3317,70
3318,70
3319,69
3320,68
3321,66
3322,68
3323,69
3324,68
3325,68
3326,67
3327,67
3328,67
3329,68
3330,68
3331,68
3332,69
3333,69
3334,65
3335,64
3336,65
3337,65
3338,64
3339,64
3340,64
3341,62
3342,62
3343,61
3344,61
3345,61
3346,60
3347,60
3348,60
3349,58
3350,65
3351,66
3352,66
3353,67
3354,66
3355,66
3356,66
3357,66
3358,66
3359,64
3360,64
3361,62
3362,62
3363,62
3364,62
3365,61
3366,59
3367,60
3368,60
3369,61
3370,62
3371,60
3372,60
3373,58
3374,58
3375,57
3376,57
3377,57
3378,57
3379,56
3380,54
3381,54
3382,50
3383,52
3384,51
3385,50
3386,50
3387,48
3388,46
3389,46
3390,47
3391,50
3392,51
3393,52
3394,52
3395,52
3396,52
3397,54
3398,54
3399,54
3400,54
3401,53
3402,52
3403,52
3404,52
3405,54
3406,54
3407,54
3408,54
3409,52
3410,52
3411,47
3412,48
3413,47
3414,53
3415,55
3416,55
3417,55
3418,56
3419,56
3420,59
3421,59
3422,59
3423,59
3424,60
3425,60
3426,62
3427,63
3428,61
3429,63
3430,63
3431,62
3432,59
3433,62
3434,62
3435,64
3436,64
3437,65
3438,64
3439,66
3440,66
3441,68
3442,69
3443,70
3444,72
3445,72
3446,73
3447,72
3448,67
3449,67
3450,67
3451,69
3452,69
3453,69
3454,70
3455,70
3456,70
3457,70
3458,73
3459,73
3460,73
3461,75
3462,75
3463,78
3464,76
3465,77
3466,76
3467,77
3468,78
3469,77
3470,77
3471,77
3472,76
3473,77
3474,78
3475,78
3476,78
3477,79
3478,79
3479,80
3480,82
3481,82
3482,86
3483,86
3484,86
3485,87
3486,90
3487,91
3488,91
3489,92
3490,89
3491,88
3492,90
3493,90
3494,91
3495,91
3496,87
3497,87
3498,88
3499,90
3500,91
3501,90
3502,90
3503,90
3504,90
3505,87
3506,87
3507,86
3508,85
3509,88
3510,88
3511,88
3512,80
3513,80
3514,81
3515,80
3516,81
3517,81
3518,83
3519,83
3520,80
3521,80
3522,84
3523,82
3524,82
3525,82
3526,81
3527,80
3528,77
3529,79
3530,84
3531,84
3532,86
3533,85
3534,83
3535,83
3536,83
3537,84
3538,81
3539,81
3540,82
3541,81
3542,83
3543,83
3544,83
3545,82
3546,80
3547,81
3548,78
3549,80
3550,79
3551,80
3552,81
3553,78
3554,78
3555,78
3556,79
3557,80
3558,78
3559,78
3560,78
3561,76
3562,77
3563,77
3564,78
3565,78
3566,78
3567,78
3568,78
3569,79
3570,81
3571,80
3572,82
3573,83
3574,84
3575,87
3576,87
3577,88
3578,85
3579,81
3580,86
3581,86
3582,84
3583,85
3584,86
3585,84
3586,84
3587,85
3588,88
3589,89
3590,88
3591,86
3592,81
3593,82
3594,85
3595,93
3596,93
3597,98
3598,99
3599,100
3600,100
3601,100
3602,101
3603,104
3604,105
3605,103
3606,102
3607,102
3608,107
3609,108
3610,111
3611,112
3612,112
3613,114
3614,115
3615,116
3616,117
3617,117
3618,119
3619,119
3620,119
3621,121
3622,117
3623,118
3624,121
3625,123
3626,123
3627,123
3628,124
3629,124
3630,123
3631,124
3632,124
3633,124
3634,124
3635,120
3636,126
3637,126
3638,128
3639,128
3640,127
3641,127
3642,127
3643,129
3644,130
3645,129
3646,129
3647,130
3648,134
3649,132
3650,134
3651,135
3652,133
3653,135
3654,137
3655,137
3656,136
3657,138
3658,141
3659,143
3660,143
3661,143
3662,139
3663,143
3664,145
3665,145
3666,145
3667,145
3668,149
3669,147
3670,147
3671,149
3672,149
3673,152
3674,150
3675,150
3676,148
3677,147
3678,146
3679,144
3680,140
3681,142
3682,143
3683,146
3684,145
3685,144
3686,144
3687,145
3688,139
3689,140
3690,139
3691,142
3692,140
3693,138
3694,140
3695,136
3696,135
3697,136
3698,131
3699,133
3700,135
3701,137
3702,140
3703,138
3704,139
3705,140
3706,138
3707,139
3708,141
3709,141
3710,141
3711,141
3712,145
3713,146
3714,146
3715,145
3716,144
3717,147
3718,146
3719,148
3720,149
3721,149
3722,149
3723,151
3724,152
3725,153
3726,153
3727,151
3728,151
3729,151
3730,146
3731,146
3732,142
3733,143
3734,144
3735,145
3736,143
3737,145
3738,146
3739,145
3740,143
3741,143
3742,142
3743,140
3744,145
3745,146
3746,146
3747,146
3748,144
3749,146
3750,143
3751,144
3752,145
3753,141
3754,142
3755,143
3756,143
3757,145
3758,145
3759,145
3760,144
3761,147
3762,148
3763,150
3764,150
3765,151
3766,156
3767,154
3768,152
3769,150
3770,150
3771,149
3772,150
3773,152
3774,151
3775,149
3776,147
3777,150
3778,152
3779,156
3780,156
3781,159
3782,158
3783,158
3784,161
3785,158
3786,160
3787,158
3788,158
3789,158
3790,161
3791,156
3792,159
3793,159
3794,156
3795,156
3796,158
3797,159
3798,162
3799,164
3800,165
3801,163
3802,163
3803,166
3804,161
3805,161
3806,158
3807,154
3808,154
3809,153
3810,155
3811,155
3812,157
3813,156
3814,157
3815,150
3816,169
3817,168
3818,165
3819,165
3820,166
3821,165
3822,167
3823,163
3824,161
3825,161
3826,165
3827,167
3828,168
3829,167
3830,168
3831,170
3832,171
3833,171
3834,171
3835,172
3836,172
3837,169
3838,168
3839,166
3840,165
3841,164
3842,167
3843,168
3844,164
3845,168
3846,171
3847,170
3848,174
3849,174
3850,171
3851,172
3852,170
3853,171
3854,173
3855,174
3856,174
3857,173
3858,172
3859,172
3860,169
3861,168
3862,170
3863,167
3864,164
3865,164
3866,167
3867,167
3868,164
3869,166
3870,165
3871,166
3872,167
3873,167
3874,167
3875,168
3876,166
3877,168
3878,169
3879,169
3880,168
3881,164
3882,163
3883,160
3884,160
3885,164
3886,167
3887,168
3888,167
3889,166
3890,164
3891,163
3892,165
3893,164
3894,164
3895,161
3896,159
3897,162
3898,158
3899,158
3900,153
3901,151
3902,149
3903,148
3904,149
3905,150
3906,150
3907,150
3908,150
3909,145
3910,144
3911,142
3912,145
3913,143
3914,143
3915,144
3916,142
3917,143
3918,142
3919,143
3920,142
3921,146
3922,146
3923,148
3924,148
3925,150
3926,148
3927,147
3928,146
3929,147
3930,148
3931,144
3932,146
3933,147
3934,146
3935,146
3936,148
3937,148
3938,150
3939,147
3940,146
3941,140
3942,148
3943,154
3944,153
3945,156
3946,160
3947,159
3948,157
3949,159
3950,159
3951,160
3952,165
3953,161
3954,160
3955,159
3956,159
3957,165
3958,165
3959,168
3960,170
3961,170
3962,172
3963,172
3964,175
3965,174
3966,172
3967,174
3968,174
3969,167
3970,165
3971,168
3972,167
3973,170
3974,174
3975,175
3976,173
3977,172
3978,172
3979,172
3980,172
3981,178
3982,181
3983,180
3984,180
3985,180
3986,180
3987,181
3988,181
3989,187
3990,185
3991,185
3992,181
3993,183
3994,181
3995,183
3996,184
3997,181
3998,184
3999,184
4000,185
4001,186
4002,186
4003,185
4004,183
4005,182
4006,181
4007,180
4008,180
4009,178
4010,178
4011,177
4012,181
4013,183
4014,185
4015,185
4016,189
4017,191
4018,192
4019,194
4020,191
4021,187
4022,187
4023,187
4024,192
4025,190
4026,192
4027,194
4028,196
4029,201
4030,202
4031,202
4032,201
4033,204
4034,204
4035,206
4036,205
4037,207
4038,207
4039,207
4040,205
4041,198
4042,201
4043,204
4044,205
4045,203
4046,202
4047,202
4048,202
4049,202
4050,200
4051,201
4052,197
4053,199
4054,198
4055,197
4056,195
4057,193
4058,190
4059,192
4060,192
4061,193
4062,192
4063,192
4064,192
4065,192
4066,194
4067,193
4068,194
4069,198
4070,202
4071,200
4072,201
4073,203
4074,200
4075,198
4076,197
4077,197
4078,195
4079,191
4080,190
4081,193
4082,190
4083,187
4084,190
4085,189
4086,190
4087,187
4088,188
4089,190
4090,191
4091,192
4092,192
4093,190
4094,188
4095,189
4096,189
4097,188
4098,192
4099,194
4100,196
4101,197
4102,198
4103,198
4104,195
4105,193
4106,192
4107,185
4108,207
4109,213
4110,215
4111,216
4112,218
4113,217
4114,218
4115,217
4116,217
4117,216
4118,218
4119,216
4120,217
4121,219
4122,218
4123,218
4124,217
4125,221
4126,217
4127,215
4128,211
4129,212
4130,210
4131,208
4132,207
4133,207
4134,205
4135,208
4136,212
4137,211
4138,209
4139,209
4140,214
4141,215
4142,215
4143,210
4144,211
4145,211
4146,216
4147,219
4148,218
4149,219
4150,218
4151,215
4152,215
4153,216
4154,214
4155,216
4156,215
4157,216
4158,214
4159,216
4160,216
4161,216
4162,216
4163,213
4164,214
4165,213
4166,208
4167,211
4168,216
4169,218
4170,218
4171,218
4172,219
4173,221
4174,223
4175,226
4176,227
4177,230
4178,236
4179,234
4180,235
4181,236
4182,234
4183,234
4184,235
4185,236
4186,236
4187,234
4188,234
4189,232
4190,232
4191,234
4192,233
4193,237
4194,240
4195,238
4196,238
4197,244
4198,245
4199,240
4200,239
4201,238
4202,238
4203,240
4204,240
4205,240
4206,241
4207,241
4208,243
4209,240
4210,237
4211,239
4212,239
4213,240
4214,240
4215,244
4216,245
4217,240
4218,238
4219,237
4220,237
4221,238
4222,238
4223,237
4224,236
4225,235
4226,235
4227,235
4228,235
4229,236
4230,234
4231,232
4232,226
4233,233
4234,234
4235,237
4236,234
4237,234
4238,234
4239,220
4240,214
4241,212
4242,214
4243,213
4244,212
4245,210
4246,207
4247,195
4248,201
4249,202
4250,203
4251,204
4252,206
4253,208
4254,210
4255,206
4256,205
4257,203
4258,206
4259,207
4260,208
4261,208
4262,210
4263,208
4264,207
4265,207
4266,206
4267,198
4268,196
4269,200
4270,203
4271,213
4272,213
4273,211
4274,212
4275,211
4276,213
4277,211
4278,212
4279,215
4280,212
4281,213
4282,213
4283,214
4284,214
4285,216
4286,219
4287,220
4288,220
4289,223
4290,221
4291,219
4292,219
4293,218
4294,217
4295,220
4296,219
4297,216
4298,211
4299,213
4300,209
4301,214
4302,218
4303,218
4304,216
4305,216
4306,217
4307,213
4308,210
4309,212
4310,211
4311,213
4312,214
4313,212
4314,212
4315,210
4316,215
4317,216
4318,215
4319,222
4320,225
4321,225
4322,224
4323,225
4324,223
4325,224
4326,226
4327,223
4328,224
4329,225
4330,227
4331,229
4332,231
4333,226
4334,227
4335,226
4336,225
4337,225
4338,220
4339,221
4340,221
4341,228
4342,227
4343,226
4344,225
4345,231
4346,229
4347,232
4348,235
4349,236
4350,238
4351,237
4352,238
4353,237
4354,233
4355,233
4356,234
4357,235
4358,234
4359,232
4360,233
4361,235
4362,233
4363,233
4364,234
4365,229
4366,231
4367,233
4368,229
4369,224
4370,220
4371,212
4372,210
4373,210
4374,211
4375,212
4376,211
4377,207
4378,206
4379,206
4380,205
4381,202
4382,201
4383,198
4384,197
4385,199
4386,196
4387,198
4388,197
4389,196
4390,195
4391,192
4392,191
4393,182
4394,182
4395,182
4396,182
4397,183
4398,182
4399,183
4400,184
4401,181
4402,177
4403,178
4404,177
4405,176
4406,176
4407,177
4408,177
4409,174
4410,169
4411,165
4412,163
4413,160
4414,149
4415,152
4416,156
4417,157
4418,157
4419,154
4420,154
4421,151
4422,156
4423,156
4424,155
4425,154
4426,151
4427,148
4428,153
4429,153
4430,153
4431,150
4432,148
4433,147
4434,146
4435,146
4436,147
4437,150
4438,148
4439,148
4440,140
4441,136
4442,135
4443,132
4444,131
4445,137
4446,135
4447,131
4448,121
4449,123
4450,124
4451,122
4452,123
4453,125
4454,125
4455,124
4456,121
4457,123
4458,123
4459,123
4460,122
4461,122
4462,123
4463,122
4464,122
4465,123
4466,124
4467,119
4468,120
4469,119
4470,116
4471,116
4472,125
4473,125
4474,127
4475,141
4476,141
4477,140
4478,137
4479,135
4480,134
4481,135
4482,134
4483,132
4484,131
4485,129
4486,129
4487,124
4488,123
4489,120
4490,120
4491,120
4492,111
4493,105
4494,103
4495,103
4496,103
4497,103
4498,102
4499,91
4500,86
4501,86
4502,86
4503,86
4504,83
4505,82
4506,79
4507,78
4508,76
4509,76
4510,73
4511,73
4512,72
4513,72
4514,68
4515,65
4516,65
4517,63
4518,62
4519,61
4520,58
4521,51
4522,44
4523,40
4524,11
4525,10
4526,9
4527,9
4528,8
4529,8
4530,5
4531,5
4532,5
4533,4
4534,2
4535,2
4536,2
4537,3
4538,2
4539,2
4540,2
4541,2
4542,2
4543,2
4544,2
4545,2
4546,2
4547,2
4548,2
4549,1
4550,1
4551,1
4552,1
4553,1
4554,1
4555,1
4556,1
4557,1
4558,1
4559,1
4560,1
4561,1
4562,1
4563,1
4564,1
4565,1
4566,1
4567,1
4568,1
4569,1
4570,1
4571,1
4572,1
4573,1
4574,1
4575,1
4576,1
4577,1
4578,1
4579,1
4580,1
4581,1
4582,1
4583,1
4584,1
4585,1
4586,1
4587,1
4588,1
4589,1
4590,1
4591,1
4592,1
4593,1
4594,1
4595,1
4596,1
4597,1
4598,1
4599,1
4600,1
4601,1
4602,1
4603,1
4604,1
4605,1
4606,1
4607,1
4608,1
4609,1
4610,1
4611,1
4612,1
4613,1
4614,1
4615,1
4616,1
4617,1
4618,1
4619,1
4620,1
4621,1
4622,1
4623,1
4624,1
4625,1
4626,1
4627,1
4628,1
4629,12
4630,12
4631,12
4632,12
4633,15
4634,25
4635,27
4636,32
4637,32
4638,33
4639,34
4640,34
4641,34
4642,36
4643,39
4644,40
4645,41
4646,41
4647,41
4648,41
4649,43
4650,43
4651,43
4652,43
4653,43
4654,43
4655,43
4656,50
4657,50
4658,51
4659,51
4660,55
4661,58
4662,59
4663,59
4664,61
4665,61
4666,64
4667,66
4668,66
4669,66
4670,67
4671,68
4672,68
4673,68
4674,69
4675,70
4676,70
4677,70
4678,70
4679,70
4680,71
4681,71
4682,71
4683,73
4684,75
4685,75
4686,75
4687,75
4688,79
4689,80
4690,79
4691,78
4692,79
4693,80
4694,82
4695,84
4696,86
4697,86
4698,86
4699,87
4700,88
4701,89
4702,90
4703,89
4704,89
4705,90
4706,90
4707,88
4708,86
4709,86
4710,87
4711,87
4712,84
4713,85
4714,85
4715,85
4716,82
4717,81
4718,77
4719,81
4720,83
4721,84
4722,85
4723,85
4724,85
4725,85
4726,84
4727,84
4728,84
4729,84
4730,84
4731,83
4732,82
4733,85
4734,85
4735,84
4736,84
4737,84
4738,83
4739,84
4740,84
4741,83
4742,83
4743,82
4744,82
4745,84
4746,83
4747,85
4748,85
4749,82
4750,80
4751,82
4752,81
4753,80
4754,80
4755,80
4756,79
4757,79
4758,78
4759,76
4760,74
4761,74
4762,72
4763,73
4764,73
4765,75
4766,76
4767,76
4768,77
4769,77
4770,77
4771,78
4772,78
4773,77
4774,78
4775,78
4776,77
4777,75
4778,75
4779,75
4780,75
4781,75
4782,75
4783,74
4784,75
4785,76
4786,76
4787,76
4788,79
4789,81
4790,81
4791,81
4792,81
4793,80
4794,77
4795,76
4796,72
4797,79
4798,80
4799,81
4800,81
4801,81
4802,80
4803,79
4804,80
4805,81
4806,82
4807,82
4808,81
4809,82
4810,81
4811,82
4812,80
4813,81
4814,82
4815,82
4816,83
4817,85
4818,84
4819,83
4820,82
4821,80
4822,76
4823,74
4824,72
4825,72
4826,81
4827,87
4828,87
4829,88
4830,89
4831,88
4832,88
4833,88
4834,86
4835,87
4836,87
4837,87
4838,88
4839,88
4840,84
4841,83
4842,81
4843,81
4844,79
4845,79
4846,78
4847,77
4848,76
4849,75
4850,75
4851,75
4852,75
4853,75
4854,74
4855,73
4856,73
4857,72
4858,68
4859,68
4860,68
4861,68
4862,68
4863,68
4864,66
4865,65
4866,65
4867,64
4868,63
4869,63
4870,63
4871,63
4872,63
4873,46
4874,42
4875,9
4876,4
4877,2
4878,0
4879,0
4880,0
4881,0
4882,0
4883,0
4884,0
4885,0
4886,0
4887,0
4888,0
4889,0
4890,0
4891,0
4892,0
4893,0
4894,0
4895,0
4896,0
4897,0
4898,0
4899,0
4900,0
4901,0
4902,0
4903,0
4904,0
4905,0
4906,0
4907,0
4908,0
4909,0
4910,0
4911,0
4912,0
4913,0
4914,0
4915,0
4916,0
4917,0
4918,0
4919,0
4920,0
4921,0
4922,0
4923,0
4924,0
4925,0
4926,0
4927,0
4928,0
4929,0
4930,0
4931,0
4932,0
4933,0
4934,0
4935,0
4936,0
4937,0
4938,0
4939,0
4940,0
4941,0
4942,0
4943,0
4944,0
4945,0
4946,0
