Position,LC012705_1_Solanum_lycopersicum_DNA__LTR_retrotransposon_CopiaSL_monotypic_Ch12_2s29__complete_sequence.fa_006
1,13
2,13
3,13
4,14
5,14
6,15
7,15
8,17
9,17
10,19
11,19
12,19
13,19
14,19
15,20
16,20
17,20
18,20
19,20
20,20
21,21
22,21
23,21
24,22
25,23
26,24
27,26
28,28
29,31
30,32
31,35
32,37
33,37
34,41
35,41
36,44
37,46
38,46
39,50
40,50
41,53
42,54
43,56
44,56
45,56
46,56
47,56
48,56
49,56
50,56
51,56
52,56
53,56
54,56
55,55
56,55
57,56
58,56
59,56
60,57
61,57
62,56
63,55
64,56
65,56
66,57
67,57
68,56
69,56
70,56
71,56
72,56
73,56
74,56
75,56
76,56
77,56
78,59
79,59
80,59
81,59
82,58
83,58
84,57
85,59
86,60
87,60
88,61
89,61
90,61
91,61
92,61
93,63
94,62
95,62
96,63
97,65
98,65
99,64
100,64
101,65
102,66
103,65
104,66
105,66
106,65
107,64
108,63
109,62
110,61
111,61
112,61
113,61
114,61
115,60
116,60
117,60
118,60
119,59
120,59
121,58
122,57
123,57
124,57
125,56
126,55
127,55
128,53
129,52
130,51
131,49
132,45
133,43
134,42
135,42
136,39
137,36
138,35
139,27
140,28
141,28
142,28
143,28
144,29
145,30
146,30
147,30
148,30
149,30
150,30
151,30
152,30
153,31
154,31
155,31
156,31
157,31
158,29
159,29
160,29
161,28
162,28
163,29
164,30
165,30
166,30
167,30
168,28
169,26
170,26
171,26
172,26
173,26
174,26
175,26
176,25
177,26
178,26
179,25
180,26
181,26
182,26
183,25
184,25
185,22
186,22
187,22
188,22
189,27
190,27
191,27
192,26
193,24
194,25
195,24
196,23
197,22
198,23
199,21
200,22
201,21
202,19
203,19
204,19
205,20
206,19
207,19
208,19
209,19
210,19
211,19
212,19
213,19
214,19
215,19
216,19
217,19
218,19
219,19
220,19
221,19
222,19
223,19
224,19
225,19
226,19
227,18
228,17
229,17
230,17
231,17
232,19
233,18
234,18
235,18
236,18
237,19
238,19
239,18
240,18
241,18
242,18
243,18
244,18
245,18
246,18
247,18
248,18
249,18
250,16
251,16
252,18
253,17
254,17
255,17
256,17
257,17
258,16
259,16
260,16
261,15
262,15
263,15
264,15
265,15
266,15
267,15
268,15
269,15
270,14
271,14
272,14
273,13
274,14
275,12
276,12
277,12
278,12
279,12
280,12
281,13
282,13
283,13
284,15
285,15
286,15
287,15
288,15
289,16
290,16
291,15
292,15
293,14
294,15
295,15
296,15
297,15
298,14
299,14
300,14
301,14
302,14
303,14
304,15
305,17
306,17
307,17
308,20
309,19
310,19
311,19
312,19
313,19
314,19
315,19
316,19
317,19
318,18
319,18
320,18
321,19
322,19
323,19
324,19
325,19
326,18
327,18
328,18
329,18
330,18
331,18
332,18
333,18
334,18
335,18
336,18
337,18
338,18
339,18
340,17
341,17
342,17
343,18
344,18
345,18
346,18
347,18
348,18
349,18
350,18
351,17
352,16
353,18
354,19
355,19
356,21
357,21
358,21
359,21
360,21
361,21
362,23
363,24
364,24
365,23
366,23
367,24
368,24
369,26
370,26
371,27
372,27
373,28
374,28
375,31
376,31
377,31
378,29
379,30
380,30
381,31
382,30
383,29
384,28
385,26
386,26
387,28
388,29
389,30
390,31
391,32
392,32
393,32
394,32
395,31
396,33
397,33
398,34
399,33
400,34
401,34
402,34
403,31
404,36
405,36
406,35
407,35
408,35
409,36
410,36
411,36
412,38
413,38
414,39
415,39
416,40
417,40
418,40
419,40
420,40
421,40
422,41
423,41
424,41
425,41
426,41
427,43
428,43
429,45
430,45
431,47
432,47
433,49
434,50
435,49
436,50
437,50
438,51
439,52
440,51
441,50
442,49
443,49
444,49
445,49
446,49
447,49
448,50
449,49
450,49
451,49
452,49
453,50
454,50
455,51
456,52
457,51
458,52
459,52
460,53
461,53
462,52
463,49
464,51
465,51
466,50
467,49
468,51
469,51
470,50
471,51
472,50
473,49
474,50
475,50
476,50
477,52
478,52
479,51
480,49
481,52
482,52
483,53
484,52
485,52
486,52
487,51
488,51
489,51
490,50
491,49
492,49
493,47
494,47
495,47
496,46
497,48
498,49
499,49
500,49
501,47
502,46
503,46
504,47
505,47
506,49
507,48
508,48
509,47
510,46
511,48
512,48
513,46
514,45
515,45
516,46
517,46
518,46
519,47
520,48
521,48
522,47
523,45
524,43
525,46
526,46
527,46
528,46
529,46
530,46
531,44
532,44
533,43
534,42
535,43
536,43
537,42
538,41
539,41
540,41
541,41
542,41
543,41
544,41
545,41
546,41
547,39
548,40
549,40
550,41
551,42
552,42
553,42
554,42
555,42
556,42
557,44
558,43
559,44
560,44
561,44
562,44
563,42
564,44
565,44
566,44
567,42
568,42
569,42
570,42
571,42
572,41
573,41
574,37
575,34
576,34
577,34
578,34
579,36
580,36
581,36
582,35
583,36
584,36
585,36
586,36
587,36
588,35
589,35
590,33
591,33
592,33
593,33
594,33
595,32
596,32
597,32
598,32
599,32
600,32
601,32
602,30
603,30
604,30
605,30
606,27
607,27
608,27
609,27
610,27
611,26
612,26
613,26
614,27
615,26
616,26
617,26
618,26
619,25
620,25
621,25
622,25
623,23
624,23
625,22
626,22
627,22
628,22
629,21
630,21
631,21
632,21
633,21
634,21
635,19
636,18
637,19
638,21
639,21
640,21
641,21
642,21
643,20
644,20
645,20
646,20
647,20
648,19
649,19
650,18
651,18
652,17
653,17
654,16
655,16
656,15
657,12
658,12
659,12
660,12
661,13
662,13
663,13
664,12
665,12
666,12
667,12
668,13
669,13
670,13
671,11
672,11
673,11
674,11
675,11
676,10
677,10
678,10
679,10
680,11
681,11
682,11
683,11
684,10
685,11
686,11
687,11
688,11
689,12
690,14
691,14
692,14
693,14
694,15
695,16
696,16
697,16
698,15
699,15
700,15
701,15
702,16
703,16
704,17
705,19
706,19
707,20
708,20
709,20
710,20
711,19
712,19
713,19
714,19
715,18
716,18
717,18
718,27
719,28
720,28
721,29
722,31
723,34
724,35
725,35
726,35
727,35
728,34
729,40
730,41
731,41
732,40
733,43
734,44
735,47
736,50
737,53
738,53
739,53
740,53
741,53
742,60
743,62
744,63
745,65
746,65
747,69
748,69
749,76
750,78
751,82
752,83
753,87
754,91
755,93
756,98
757,99
758,100
759,105
760,109
761,113
762,116
763,119
764,121
765,123
766,128
767,130
768,135
769,136
770,137
771,143
772,145
773,150
774,153
775,158
776,159
777,160
778,165
779,167
780,173
781,176
782,181
783,186
784,191
785,194
786,197
787,199
788,201
789,204
790,210
791,211
792,214
793,219
794,227
795,228
796,232
797,233
798,235
799,237
800,238
801,240
802,242
803,242
804,241
805,249
806,250
807,255
808,258
809,261
810,263
811,267
812,266
813,263
814,264
815,269
816,267
817,270
818,274
819,277
820,283
821,284
822,279
823,282
824,285
825,286
826,286
827,288
828,289
829,292
830,292
831,295
832,296
833,293
834,293
835,288
836,288
837,286
838,285
839,283
840,281
841,278
842,273
843,275
844,275
845,275
846,275
847,271
848,271
849,266
850,260
851,252
852,250
853,250
854,251
855,251
856,246
857,244
858,244
859,237
860,233
861,227
862,224
863,222
864,222
865,213
866,215
867,215
868,215
869,210
870,202
871,201
872,181
873,182
874,182
875,182
876,181
877,180
878,181
879,180
880,172
881,171
882,167
883,164
884,157
885,154
886,147
887,147
888,142
889,138
890,137
891,132
892,129
893,128
894,122
895,120
896,131
897,128
898,127
899,126
900,124
901,119
902,117
903,118
904,111
905,109
906,110
907,100
908,99
909,97
910,96
911,96
912,89
913,90
914,88
915,86
916,84
917,80
918,80
919,76
920,64
921,65
922,65
923,64
924,62
925,55
926,54
927,54
928,54
929,53
930,53
931,50
932,47
933,47
934,47
935,47
936,47
937,46
938,47
939,47
940,46
941,46
942,45
943,46
944,45
945,44
946,44
947,41
948,42
949,42
950,42
951,42
952,42
953,41
954,40
955,39
956,38
957,38
958,37
959,36
960,36
961,36
962,36
963,33
964,33
965,26
966,26
967,26
968,23
969,23
970,23
971,23
972,22
973,22
974,22
975,22
976,22
977,22
978,22
979,22
980,22
981,22
982,22
983,22
984,21
985,21
986,21
987,21
988,21
989,21
990,21
991,21
992,19
993,19
994,19
995,18
996,18
997,18
998,18
999,17
1000,16
1001,8
1002,8
1003,8
1004,8
1005,8
1006,8
1007,8
1008,8
1009,8
1010,8
1011,8
1012,8
1013,8
1014,8
1015,3
1016,3
1017,3
1018,3
1019,3
1020,3
1021,3
1022,3
1023,3
1024,3
1025,3
1026,3
1027,3
1028,3
1029,3
1030,3
1031,3
1032,3
1033,3
1034,2
1035,2
1036,2
1037,2
1038,2
1039,2
1040,1
1041,1
1042,1
1043,2
1044,2
1045,2
1046,62
1047,64
1048,65
1049,67
1050,67
1051,67
1052,68
1053,68
1054,68
1055,68
1056,68
1057,68
1058,68
1059,69
1060,69
1061,69
1062,69
1063,69
1064,69
1065,70
1066,70
1067,70
1068,70
1069,70
1070,70
1071,70
1072,70
1073,70
1074,69
1075,68
1076,68
1077,65
1078,65
1079,64
1080,64
1081,63
1082,62
1083,54
1084,54
1085,54
1086,54
1087,55
1088,55
1089,54
1090,54
1091,54
1092,53
1093,52
1094,48
1095,27
1096,27
1097,33
1098,33
1099,33
1100,33
1101,42
1102,42
1103,42
1104,42
1105,42
1106,42
1107,43
1108,43
1109,43
1110,43
1111,49
1112,53
1113,54
1114,55
1115,62
1116,62
1117,65
1118,65
1119,69
1120,75
1121,76
1122,80
1123,83
1124,85
1125,88
1126,88
1127,94
1128,96
1129,98
1130,100
1131,104
1132,108
1133,114
1134,123
1135,128
1136,133
1137,136
1138,139
1139,146
1140,146
1141,150
1142,150
1143,151
1144,152
1145,152
1146,161
1147,168
1148,170
1149,174
1150,182
1151,188
1152,189
1153,190
1154,194
1155,200
1156,204
1157,208
1158,208
1159,210
1160,213
1161,214
1162,217
1163,226
1164,228
1165,228
1166,232
1167,238
1168,244
1169,248
1170,250
1171,249
1172,259
1173,261
1174,260
1175,261
1176,273
1177,273
1178,279
1179,282
1180,286
1181,287
1182,288
1183,292
1184,292
1185,290
1186,301
1187,302
1188,303
1189,302
1190,300
1191,299
1192,302
1193,303
1194,308
1195,308
1196,311
1197,314
1198,314
1199,317
1200,319
1201,319
1202,318
1203,318
1204,327
1205,329
1206,333
1207,336
1208,338
1209,341
1210,344
1211,343
1212,340
1213,339
1214,338
1215,336
1216,325
1217,330
1218,330
1219,330
1220,329
1221,329
1222,327
1223,327
1224,324
1225,321
1226,319
1227,317
1228,315
1229,313
1230,310
1231,309
1232,301
1233,307
1234,297
1235,293
1236,289
1237,286
1238,285
1239,277
1240,273
1241,268
1242,263
1243,262
1244,260
1245,252
1246,249
1247,243
1248,240
1249,236
1250,231
1251,228
1252,228
1253,223
1254,218
1255,213
1256,210
1257,208
1258,209
1259,205
1260,203
1261,201
1262,193
1263,187
1264,185
1265,177
1266,175
1267,169
1268,169
1269,167
1270,166
1271,164
1272,158
1273,155
1274,148
1275,142
1276,139
1277,138
1278,135
1279,134
1280,132
1281,130
1282,129
1283,126
1284,122
1285,121
1286,114
1287,114
1288,116
1289,116
1290,112
1291,110
1292,107
1293,108
1294,107
1295,106
1296,101
1297,98
1298,96
1299,95
1300,91
1301,88
1302,85
1303,84
1304,83
1305,78
1306,75
1307,74
1308,73
1309,72
1310,69
1311,67
1312,65
1313,66
1314,64
1315,64
1316,61
1317,60
1318,60
1319,58
1320,58
1321,56
1322,56
1323,56
1324,56
1325,56
1326,54
1327,53
1328,52
1329,52
1330,50
1331,49
1332,49
1333,48
1334,48
1335,44
1336,43
1337,43
1338,43
1339,43
1340,43
1341,43
1342,43
1343,43
1344,42
1345,42
1346,42
1347,42
1348,37
1349,35
1350,21
1351,20
1352,18
1353,18
1354,19
1355,19
1356,9
1357,9
1358,8
1359,8
1360,8
1361,8
1362,8
1363,8
1364,8
1365,7
1366,7
1367,7
1368,7
1369,8
1370,8
1371,8
1372,6
1373,6
1374,6
1375,6
1376,6
1377,5
1378,5
1379,5
1380,5
1381,5
1382,5
1383,5
1384,4
1385,2
1386,2
1387,2
1388,2
1389,2
1390,2
1391,2
1392,2
1393,2
1394,2
1395,2
1396,2
1397,2
1398,2
1399,2
1400,2
1401,2
1402,2
1403,2
1404,2
1405,2
1406,2
1407,2
1408,2
1409,2
1410,3
1411,3
1412,2
1413,4
1414,4
1415,4
1416,4
1417,5
1418,5
1419,5
1420,5
1421,5
1422,5
1423,5
1424,5
1425,5
1426,5
1427,5
1428,31
1429,32
1430,33
1431,36
1432,36
1433,38
1434,38
1435,38
1436,38
1437,38
1438,38
1439,38
1440,38
1441,38
1442,38
1443,38
1444,38
1445,38
1446,38
1447,39
1448,39
1449,39
1450,39
1451,39
1452,39
1453,39
1454,39
1455,39
1456,39
1457,39
1458,39
1459,39
1460,39
1461,39
1462,39
1463,39
1464,39
1465,39
1466,39
1467,39
1468,38
1469,38
1470,38
1471,38
1472,38
1473,38
1474,40
1475,40
1476,40
1477,40
1478,40
1479,40
1480,40
1481,40
1482,40
1483,40
1484,40
1485,40
1486,40
1487,40
1488,40
1489,39
1490,39
1491,39
1492,39
1493,39
1494,39
1495,38
1496,36
1497,36
1498,36
1499,34
1500,34
1501,33
1502,33
1503,31
1504,24
1505,24
1506,24
1507,23
1508,23
1509,23
1510,23
1511,23
1512,23
1513,22
1514,20
1515,19
1516,19
1517,17
1518,17
1519,14
1520,14
1521,14
1522,1
1523,1
1524,1
1525,1
1526,1
1527,1
1528,0
1529,0
1530,0
1531,0
1532,0
1533,0
1534,0
1535,0
1536,0
1537,0
1538,0
1539,0
1540,0
1541,0
1542,0
1543,0
1544,0
1545,0
1546,0
1547,0
1548,0
1549,0
1550,0
1551,0
1552,0
1553,0
1554,0
1555,0
1556,0
1557,0
1558,0
1559,0
1560,0
1561,0
1562,0
1563,0
1564,0
1565,0
1566,0
1567,0
1568,0
1569,0
1570,0
1571,0
1572,0
1573,0
1574,0
1575,0
1576,0
1577,0
1578,0
1579,0
1580,0
1581,0
1582,0
1583,0
1584,0
1585,0
1586,0
1587,0
1588,0
1589,0
1590,0
1591,0
1592,0
1593,0
1594,0
1595,0
1596,0
1597,0
1598,0
1599,0
1600,0
1601,0
1602,0
1603,0
1604,0
1605,0
1606,0
1607,0
1608,0
1609,0
1610,0
1611,0
1612,0
1613,0
1614,0
1615,0
1616,0
1617,0
1618,0
1619,0
1620,0
1621,0
1622,0
1623,0
1624,0
1625,0
1626,0
1627,0
1628,0
1629,0
1630,0
1631,0
1632,0
1633,0
1634,0
1635,0
1636,0
1637,0
1638,0
1639,0
1640,0
1641,0
1642,0
1643,0
1644,1
1645,1
1646,1
1647,1
1648,1
1649,1
1650,1
1651,1
1652,1
1653,1
1654,1
1655,1
1656,1
1657,1
1658,1
1659,1
1660,1
1661,1
1662,1
1663,1
1664,1
1665,1
1666,1
1667,1
1668,1
1669,1
1670,1
1671,1
1672,1
1673,1
1674,1
1675,1
1676,1
1677,1
1678,1
1679,1
1680,1
1681,1
1682,1
1683,1
1684,1
1685,1
1686,1
1687,1
1688,1
1689,1
1690,1
1691,1
1692,1
1693,1
1694,1
1695,1
1696,1
1697,1
1698,1
1699,1
1700,1
1701,1
1702,1
1703,0
1704,0
1705,0
1706,0
1707,0
1708,0
1709,0
1710,0
1711,0
1712,0
1713,0
1714,0
1715,0
1716,0
1717,0
1718,0
1719,0
1720,0
1721,0
1722,0
1723,0
1724,0
1725,0
1726,0
1727,0
1728,0
1729,0
1730,0
1731,0
1732,0
1733,0
1734,0
1735,0
1736,0
1737,0
1738,0
1739,0
1740,0
1741,0
1742,0
1743,0
1744,0
1745,0
1746,0
1747,0
1748,0
1749,0
1750,0
1751,0
1752,0
1753,0
1754,0
1755,0
1756,0
1757,0
1758,0
1759,0
1760,0
1761,0
1762,0
1763,0
1764,0
1765,0
1766,0
1767,0
1768,0
1769,0
1770,0
1771,0
1772,0
1773,0
1774,0
1775,0
1776,0
1777,0
1778,0
1779,0
1780,0
1781,0
1782,0
1783,0
1784,0
1785,0
1786,0
1787,0
1788,0
1789,0
1790,0
1791,0
1792,0
1793,0
1794,0
1795,0
1796,0
1797,0
1798,0
1799,0
1800,0
1801,0
1802,0
1803,0
1804,0
1805,0
1806,0
1807,0
1808,0
1809,0
1810,0
1811,0
1812,0
1813,0
1814,0
1815,0
1816,0
1817,0
1818,0
1819,0
1820,0
1821,0
1822,0
1823,0
1824,0
1825,0
1826,0
1827,0
1828,0
1829,0
1830,0
1831,0
1832,0
1833,0
1834,0
1835,0
1836,0
1837,0
1838,0
1839,0
1840,0
1841,0
1842,0
1843,0
1844,0
1845,0
1846,0
1847,0
1848,0
1849,0
1850,0
1851,0
1852,0
1853,0
1854,0
1855,0
1856,0
1857,0
1858,0
1859,0
1860,0
1861,0
1862,0
1863,0
1864,0
1865,0
1866,0
1867,0
1868,0
1869,0
1870,0
1871,0
1872,0
1873,0
1874,0
1875,0
1876,0
1877,0
1878,0
1879,0
1880,0
1881,0
1882,0
1883,0
1884,0
1885,0
1886,0
1887,0
1888,0
1889,0
1890,0
1891,0
1892,0
1893,0
1894,0
1895,0
1896,0
1897,0
1898,0
1899,0
1900,0
1901,0
1902,0
1903,0
1904,0
1905,0
1906,0
1907,0
1908,0
1909,0
1910,0
1911,0
1912,0
1913,0
1914,0
1915,0
1916,0
1917,0
1918,0
1919,0
1920,0
1921,0
1922,0
1923,0
1924,0
1925,0
1926,0
1927,0
1928,0
1929,0
1930,0
1931,0
1932,0
1933,0
1934,0
1935,0
1936,0
1937,0
1938,0
1939,0
1940,0
1941,0
1942,0
1943,0
1944,0
1945,0
1946,0
1947,0
1948,0
1949,2
1950,2
1951,2
1952,2
1953,2
1954,2
1955,2
1956,2
1957,2
1958,2
1959,2
1960,2
1961,5
1962,5
1963,5
1964,5
1965,5
1966,5
1967,5
1968,5
1969,5
1970,5
1971,6
1972,7
1973,7
1974,7
1975,7
1976,7
1977,7
1978,7
1979,7
1980,7
1981,7
1982,7
1983,7
1984,7
1985,7
1986,7
1987,7
1988,7
1989,7
1990,7
1991,7
1992,7
1993,7
1994,7
1995,7
1996,7
1997,7
1998,7
1999,7
2000,7
2001,7
2002,6
2003,6
2004,6
2005,6
2006,6
2007,6
2008,6
2009,6
2010,6
2011,6
2012,6
2013,6
2014,6
2015,6
2016,6
2017,6
2018,6
2019,6
2020,6
2021,6
2022,6
2023,6
2024,6
2025,6
2026,6
2027,6
2028,6
2029,6
2030,6
2031,6
2032,6
2033,6
2034,4
2035,4
2036,3
2037,3
2038,3
2039,3
2040,3
2041,3
2042,3
2043,2
2044,2
2045,2
2046,2
2047,2
2048,2
2049,2
2050,2
2051,2
2052,2
2053,2
2054,2
2055,2
2056,2
2057,2
2058,2
2059,2
2060,2
2061,2
2062,2
2063,2
2064,2
2065,2
2066,2
2067,2
2068,0
2069,0
2070,0
2071,0
2072,0
2073,0
2074,0
2075,0
2076,0
2077,0
2078,0
2079,0
2080,0
2081,0
2082,0
2083,0
2084,0
2085,0
2086,0
2087,0
2088,0
2089,0
2090,0
2091,0
2092,0
2093,0
2094,0
2095,0
2096,0
2097,0
2098,0
2099,0
2100,0
2101,67
2102,73
2103,76
2104,78
2105,81
2106,81
2107,82
2108,83
2109,83
2110,84
2111,84
2112,86
2113,86
2114,89
2115,93
2116,94
2117,95
2118,96
2119,96
2120,97
2121,97
2122,98
2123,101
2124,103
2125,105
2126,108
2127,108
2128,108
2129,110
2130,111
2131,111
2132,111
2133,112
2134,113
2135,114
2136,114
2137,113
2138,113
2139,113
2140,114
2141,112
2142,112
2143,112
2144,112
2145,112
2146,111
2147,113
2148,112
2149,112
2150,112
2151,108
2152,112
2153,114
2154,116
2155,114
2156,114
2157,113
2158,111
2159,110
2160,111
2161,112
2162,110
2163,107
2164,107
2165,108
2166,107
2167,107
2168,102
2169,100
2170,100
2171,98
2172,96
2173,100
2174,100
2175,100
2176,100
2177,99
2178,98
2179,96
2180,104
2181,105
2182,105
2183,106
2184,105
2185,105
2186,106
2187,104
2188,103
2189,107
2190,107
2191,107
2192,108
2193,113
2194,123
2195,133
2196,136
2197,143
2198,151
2199,153
2200,157
2201,158
2202,160
2203,161
2204,168
2205,169
2206,178
2207,183
2208,190
2209,192
2210,198
2211,202
2212,202
2213,201
2214,196
2215,215
2216,220
2217,225
2218,231
2219,235
2220,233
2221,233
2222,220
2223,242
2224,249
2225,252
2226,256
2227,265
2228,266
2229,265
2230,265
2231,267
2232,272
2233,274
2234,276
2235,281
2236,282
2237,281
2238,282
2239,278
2240,286
2241,288
2242,291
2243,291
2244,292
2245,292
2246,291
2247,293
2248,291
2249,289
2250,288
2251,288
2252,287
2253,292
2254,294
2255,294
2256,295
2257,296
2258,296
2259,298
2260,297
2261,297
2262,300
2263,301
2264,305
2265,303
2266,305
2267,308
2268,310
2269,309
2270,311
2271,313
2272,313
2273,313
2274,314
2275,320
2276,323
2277,323
2278,321
2279,319
2280,316
2281,322
2282,329
2283,331
2284,334
2285,336
2286,342
2287,342
2288,337
2289,340
2290,345
2291,348
2292,347
2293,347
2294,342
2295,335
2296,340
2297,327
2298,324
2299,326
2300,328
2301,323
2302,316
2303,320
2304,328
2305,338
2306,322
2307,325
2308,330
2309,328
2310,321
2311,321
2312,320
2313,324
2314,316
2315,320
2316,315
2317,311
2318,312
2319,315
2320,319
2321,315
2322,304
2323,304
2324,290
2325,269
2326,269
2327,269
2328,300
2329,308
2330,314
2331,318
2332,320
2333,324
2334,327
2335,333
2336,338
2337,341
2338,344
2339,351
2340,350
2341,353
2342,357
2343,366
2344,374
2345,381
2346,387
2347,391
2348,395
2349,400
2350,401
2351,405
2352,411
2353,414
2354,419
2355,424
2356,426
2357,429
2358,429
2359,432
2360,436
2361,442
2362,443
2363,442
2364,444
2365,442
2366,443
2367,450
2368,452
2369,454
2370,456
2371,460
2372,462
2373,464
2374,462
2375,467
2376,467
2377,463
2378,465
2379,463
2380,461
2381,462
2382,460
2383,447
2384,449
2385,445
2386,438
2387,423
2388,433
2389,437
2390,438
2391,439
2392,436
2393,433
2394,427
2395,413
2396,413
2397,413
2398,412
2399,412
2400,405
2401,398
2402,397
2403,379
2404,379
2405,380
2406,382
2407,376
2408,373
2409,375
2410,371
2411,371
2412,366
2413,363
2414,353
2415,353
2416,341
2417,329
2418,338
2419,343
2420,344
2421,343
2422,331
2423,334
2424,337
2425,340
2426,338
2427,342
2428,332
2429,329
2430,330
2431,325
2432,321
2433,314
2434,311
2435,305
2436,306
2437,295
2438,295
2439,292
2440,289
2441,282
2442,276
2443,279
2444,272
2445,270
2446,270
2447,260
2448,262
2449,260
2450,263
2451,260
2452,257
2453,258
2454,258
2455,259
2456,266
2457,271
2458,269
2459,270
2460,262
2461,264
2462,260
2463,253
2464,237
2465,257
2466,261
2467,265
2468,271
2469,273
2470,280
2471,280
2472,276
2473,270
2474,268
2475,269
2476,278
2477,281
2478,286
2479,296
2480,298
2481,297
2482,296
2483,296
2484,289
2485,310
2486,313
2487,312
2488,309
2489,309
2490,310
2491,310
2492,313
2493,320
2494,322
2495,325
2496,328
2497,331
2498,329
2499,334
2500,331
2501,333
2502,336
2503,335
2504,336
2505,335
2506,340
2507,341
2508,339
2509,339
2510,346
2511,349
2512,352
2513,358
2514,358
2515,364
2516,373
2517,370
2518,374
2519,379
2520,381
2521,382
2522,386
2523,389
2524,389
2525,394
2526,397
2527,392
2528,394
2529,396
2530,396
2531,396
2532,393
2533,390
2534,389
2535,392
2536,391
2537,393
2538,393
2539,395
2540,391
2541,396
2542,396
2543,399
2544,399
2545,402
2546,399
2547,393
2548,393
2549,387
2550,385
2551,387
2552,372
2553,371
2554,374
2555,370
2556,366
2557,375
2558,374
2559,377
2560,377
2561,377
2562,380
2563,387
2564,383
2565,378
2566,377
2567,383
2568,381
2569,375
2570,357
2571,378
2572,388
2573,397
2574,403
2575,398
2576,402
2577,413
2578,416
2579,413
2580,411
2581,389
2582,394
2583,414
2584,419
2585,422
2586,431
2587,435
2588,436
2589,445
2590,458
2591,454
2592,466
2593,465
2594,470
2595,469
2596,469
2597,468
2598,464
2599,478
2600,477
2601,475
2602,484
2603,484
2604,490
2605,492
2606,493
2607,492
2608,492
2609,489
2610,487
2611,480
2612,471
2613,471
2614,473
2615,470
2616,467
2617,468
2618,463
2619,460
2620,457
2621,450
2622,444
2623,421
2624,433
2625,435
2626,438
2627,439
2628,441
2629,442
2630,442
2631,440
2632,441
2633,442
2634,440
2635,440
2636,442
2637,440
2638,439
2639,439
2640,440
2641,433
2642,429
2643,427
2644,428
2645,428
2646,423
2647,424
2648,427
2649,428
2650,432
2651,430
2652,425
2653,428
2654,423
2655,419
2656,423
2657,420
2658,412
2659,416
2660,422
2661,422
2662,424
2663,416
2664,416
2665,410
2666,407
2667,408
2668,404
2669,399
2670,368
2671,401
2672,406
2673,407
2674,408
2675,411
2676,413
2677,411
2678,407
2679,406
2680,406
2681,409
2682,408
2683,420
2684,430
2685,434
2686,434
2687,437
2688,429
2689,424
2690,430
2691,430
2692,424
2693,425
2694,428
2695,446
2696,453
2697,457
2698,459
2699,458
2700,461
2701,475
2702,491
2703,492
2704,496
2705,507
2706,514
2707,527
2708,530
2709,528
2710,526
2711,517
2712,552
2713,559
2714,569
2715,579
2716,585
2717,593
2718,602
2719,608
2720,613
2721,618
2722,625
2723,635
2724,644
2725,647
2726,648
2727,647
2728,651
2729,656
2730,664
2731,675
2732,685
2733,691
2734,697
2735,699
2736,719
2737,726
2738,738
2739,745
2740,754
2741,758
2742,759
2743,769
2744,766
2745,768
2746,767
2747,766
2748,766
2749,767
2750,766
2751,768
2752,775
2753,777
2754,774
2755,775
2756,770
2757,766
2758,747
2759,759
2760,760
2761,763
2762,764
2763,756
2764,764
2765,764
2766,760
2767,755
2768,752
2769,746
2770,739
2771,735
2772,727
2773,723
2774,696
2775,701
2776,711
2777,708
2778,702
2779,698
2780,697
2781,691
2782,680
2783,662
2784,653
2785,647
2786,641
2787,633
2788,627
2789,617
2790,609
2791,602
2792,586
2793,581
2794,578
2795,570
2796,562
2797,551
2798,547
2799,535
2800,516
2801,503
2802,481
2803,469
2804,494
2805,247
2806,248
2807,248
2808,249
2809,251
2810,251
2811,253
2812,254
2813,254
2814,256
2815,260
2816,261
2817,264
2818,271
2819,274
2820,275
2821,275
2822,276
2823,267
2824,259
2825,257
2826,255
2827,239
2828,233
2829,236
2830,237
2831,233
2832,244
2833,243
2834,248
2835,252
2836,254
2837,256
2838,259
2839,262
2840,266
2841,275
2842,273
2843,273
2844,276
2845,275
2846,296
2847,311
2848,317
2849,328
2850,332
2851,334
2852,334
2853,332
2854,330
2855,335
2856,349
2857,356
2858,359
2859,366
2860,369
2861,381
2862,385
2863,385
2864,391
2865,400
2866,403
2867,407
2868,406
2869,409
2870,414
2871,417
2872,421
2873,421
2874,434
2875,440
2876,452
2877,467
2878,471
2879,479
2880,481
2881,485
2882,489
2883,493
2884,499
2885,502
2886,513
2887,520
2888,521
2889,535
2890,537
2891,540
2892,538
2893,544
2894,560
2895,563
2896,569
2897,570
2898,576
2899,577
2900,590
2901,591
2902,590
2903,599
2904,603
2905,605
2906,607
2907,608
2908,610
2909,620
2910,623
2911,626
2912,639
2913,647
2914,649
2915,645
2916,654
2917,651
2918,649
2919,649
2920,648
2921,649
2922,650
2923,650
2924,651
2925,651
2926,649
2927,652
2928,650
2929,651
2930,647
2931,641
2932,634
2933,630
2934,635
2935,626
2936,622
2937,585
2938,603
2939,611
2940,614
2941,608
2942,611
2943,603
2944,590
2945,591
2946,583
2947,570
2948,565
2949,555
2950,541
2951,526
2952,530
2953,532
2954,534
2955,528
2956,523
2957,506
2958,503
2959,502
2960,497
2961,492
2962,469
2963,466
2964,465
2965,462
2966,464
2967,461
2968,461
2969,454
2970,452
2971,439
2972,434
2973,433
2974,423
2975,421
2976,423
2977,412
2978,408
2979,405
2980,405
2981,395
2982,391
2983,373
2984,371
2985,343
2986,355
2987,355
2988,354
2989,334
2990,344
2991,348
2992,354
2993,351
2994,342
2995,345
2996,339
2997,343
2998,335
2999,338
3000,338
3001,337
3002,339
3003,334
3004,329
3005,331
3006,325
3007,323
3008,322
3009,318
3010,313
3011,315
3012,312
3013,305
3014,308
3015,304
3016,300
3017,300
3018,301
3019,303
3020,303
3021,301
3022,299
3023,299
3024,297
3025,287
3026,286
3027,285
3028,284
3029,259
3030,260
3031,260
3032,259
3033,241
3034,239
3035,239
3036,238
3037,234
3038,196
3039,196
3040,196
3041,196
3042,196
3043,196
3044,195
3045,195
3046,267
3047,277
3048,278
3049,285
3050,296
3051,301
3052,307
3053,317
3054,315
3055,321
3056,323
3057,333
3058,335
3059,342
3060,342
3061,339
3062,330
3063,361
3064,367
3065,369
3066,377
3067,377
3068,381
3069,385
3070,390
3071,396
3072,405
3073,409
3074,418
3075,426
3076,429
3077,427
3078,426
3079,426
3080,417
3081,417
3082,417
3083,416
3084,412
3085,481
3086,496
3087,497
3088,502
3089,504
3090,504
3091,516
3092,523
3093,527
3094,543
3095,549
3096,555
3097,565
3098,574
3099,579
3100,585
3101,594
3102,595
3103,602
3104,602
3105,603
3106,588
3107,608
3108,613
3109,614
3110,616
3111,624
3112,627
3113,627
3114,632
3115,636
3116,634
3117,657
3118,658
3119,653
3120,655
3121,656
3122,658
3123,655
3124,656
3125,655
3126,652
3127,656
3128,658
3129,657
3130,659
3131,655
3132,653
3133,656
3134,658
3135,657
3136,658
3137,657
3138,655
3139,657
3140,652
3141,651
3142,654
3143,658
3144,655
3145,651
3146,648
3147,638
3148,632
3149,630
3150,622
3151,617
3152,609
3153,604
3154,604
3155,596
3156,592
3157,589
3158,576
3159,573
3160,570
3161,560
3162,551
3163,547
3164,537
3165,533
3166,516
3167,518
3168,517
3169,518
3170,512
3171,508
3172,493
3173,488
3174,470
3175,461
3176,455
3177,456
3178,447
3179,429
3180,422
3181,418
3182,411
3183,402
3184,393
3185,385
3186,381
3187,378
3188,374
3189,362
3190,358
3191,351
3192,344
3193,335
3194,323
3195,310
3196,305
3197,293
3198,285
3199,270
3200,261
3201,256
3202,252
3203,247
3204,236
3205,240
3206,241
3207,243
3208,247
3209,246
3210,244
3211,245
3212,238
3213,239
3214,231
3215,240
3216,244
3217,256
3218,260
3219,265
3220,267
3221,269
3222,270
3223,282
3224,286
3225,295
3226,300
3227,306
3228,308
3229,314
3230,320
3231,325
3232,337
3233,335
3234,339
3235,340
3236,353
3237,363
3238,365
3239,364
3240,367
3241,357
3242,363
3243,371
3244,372
3245,388
3246,401
3247,411
3248,419
3249,421
3250,429
3251,433
3252,439
3253,445
3254,452
3255,460
3256,464
3257,464
3258,468
3259,473
3260,478
3261,489
3262,497
3263,506
3264,506
3265,515
3266,521
3267,523
3268,532
3269,537
3270,541
3271,545
3272,550
3273,560
3274,563
3275,565
3276,568
3277,570
3278,574
3279,579
3280,585
3281,591
3282,594
3283,599
3284,596
3285,598
3286,601
3287,599
3288,598
3289,594
3290,619
3291,625
3292,632
3293,639
3294,649
3295,653
3296,659
3297,664
3298,669
3299,673
3300,666
3301,667
3302,670
3303,669
3304,668
3305,666
3306,665
3307,663
3308,660
3309,658
3310,660
3311,651
3312,657
3313,655
3314,655
3315,647
3316,644
3317,642
3318,642
3319,642
3320,639
3321,633
3322,594
3323,609
3324,610
3325,617
3326,604
3327,601
3328,593
3329,590
3330,583
3331,578
3332,572
3333,569
3334,562
3335,555
3336,533
3337,529
3338,528
3339,518
3340,511
3341,483
3342,501
3343,503
3344,502
3345,493
3346,489
3347,477
3348,472
3349,466
3350,464
3351,465
3352,451
3353,448
3354,439
3355,435
3356,432
3357,433
3358,428
3359,426
3360,419
3361,408
3362,408
3363,399
3364,403
3365,398
3366,384
3367,383
3368,385
3369,380
3370,378
3371,374
3372,356
3373,370
3374,370
3375,363
3376,363
3377,363
3378,363
3379,363
3380,359
3381,355
3382,370
3383,364
3384,360
3385,367
3386,369
3387,364
3388,355
3389,354
3390,342
3391,337
3392,311
3393,336
3394,337
3395,337
3396,332
3397,329
3398,327
3399,321
3400,328
3401,328
3402,328
3403,327
3404,318
3405,315
3406,318
3407,315
3408,312
3409,308
3410,305
3411,303
3412,299
3413,293
3414,283
3415,283
3416,282
3417,279
3418,276
3419,272
3420,271
3421,265
3422,267
3423,273
3424,272
3425,272
3426,271
3427,269
3428,268
3429,269
3430,265
3431,253
3432,260
3433,267
3434,271
3435,275
3436,279
3437,284
3438,280
3439,282
3440,288
3441,290
3442,292
3443,292
3444,293
3445,294
3446,295
3447,297
3448,294
3449,292
3450,299
3451,302
3452,308
3453,305
3454,311
3455,316
3456,314
3457,310
3458,312
3459,314
3460,314
3461,316
3462,314
3463,310
3464,313
3465,311
3466,311
3467,309
3468,310
3469,305
3470,301
3471,299
3472,283
3473,282
3474,330
3475,332
3476,336
3477,340
3478,343
3479,337
3480,336
3481,333
3482,334
3483,343
3484,343
3485,341
3486,341
3487,338
3488,337
3489,335
3490,333
3491,329
3492,331
3493,337
3494,338
3495,337
3496,339
3497,336
3498,332
3499,330
3500,327
3501,332
3502,337
3503,341
3504,339
3505,338
3506,340
3507,346
3508,348
3509,355
3510,357
3511,359
3512,361
3513,361
3514,369
3515,376
3516,375
3517,381
3518,383
3519,382
3520,382
3521,382
3522,378
3523,374
3524,374
3525,374
3526,377
3527,376
3528,377
3529,374
3530,374
3531,371
3532,368
3533,366
3534,364
3535,358
3536,353
3537,347
3538,343
3539,339
3540,336
3541,335
3542,329
3543,327
3544,320
3545,317
3546,311
3547,306
3548,306
3549,302
3550,299
3551,298
3552,291
3553,289
3554,286
3555,280
3556,264
3557,271
3558,273
3559,275
3560,273
3561,274
3562,275
3563,272
3564,267
3565,261
3566,257
3567,251
3568,228
3569,237
3570,237
3571,239
3572,240
3573,238
3574,244
3575,245
3576,248
3577,249
3578,250
3579,247
3580,249
3581,246
3582,243
3583,239
3584,239
3585,238
3586,249
3587,248
3588,250
3589,250
3590,245
3591,248
3592,247
3593,245
3594,252
3595,254
3596,261
3597,264
3598,268
3599,274
3600,277
3601,285
3602,287
3603,292
3604,290
3605,286
3606,262
3607,301
3608,308
3609,311
3610,317
3611,320
3612,324
3613,329
3614,333
3615,334
3616,339
3617,345
3618,348
3619,349
3620,352
3621,362
3622,375
3623,384
3624,388
3625,395
3626,402
3627,402
3628,414
3629,428
3630,432
3631,450
3632,468
3633,472
3634,483
3635,487
3636,491
3637,500
3638,507
3639,514
3640,522
3641,527
3642,527
3643,533
3644,541
3645,543
3646,551
3647,554
3648,555
3649,564
3650,573
3651,574
3652,579
3653,580
3654,579
3655,575
3656,574
3657,572
3658,572
3659,571
3660,551
3661,551
3662,567
3663,578
3664,650
3665,663
3666,669
3667,671
3668,674
3669,683
3670,692
3671,703
3672,707
3673,709
3674,723
3675,724
3676,725
3677,732
3678,731
3679,721
3680,721
3681,706
3682,719
3683,724
3684,724
3685,725
3686,727
3687,726
3688,721
3689,718
3690,719
3691,720
3692,721
3693,712
3694,708
3695,707
3696,696
3697,691
3698,686
3699,662
3700,669
3701,672
3702,669
3703,668
3704,664
3705,660
3706,654
3707,648
3708,645
3709,643
3710,642
3711,636
3712,628
3713,624
3714,615
3715,609
3716,604
3717,604
3718,599
3719,590
3720,585
3721,583
3722,574
3723,559
3724,554
3725,539
3726,536
3727,534
3728,528
3729,523
3730,519
3731,508
3732,494
3733,491
3734,487
3735,481
3736,473
3737,468
3738,464
3739,456
3740,450
3741,443
3742,436
3743,432
3744,432
3745,425
3746,422
3747,412
3748,408
3749,392
3750,384
3751,379
3752,374
3753,358
3754,352
3755,346
3756,336
3757,329
3758,328
3759,315
3760,305
3761,297
3762,292
3763,274
3764,274
3765,261
3766,260
3767,260
3768,255
3769,246
3770,236
3771,230
3772,222
3773,219
3774,213
3775,205
3776,201
3777,199
3778,198
3779,199
3780,195
3781,191
3782,196
3783,195
3784,198
3785,194
3786,194
3787,193
3788,197
3789,198
3790,196
3791,191
3792,190
3793,189
3794,175
3795,181
3796,186
3797,188
3798,187
3799,187
3800,182
3801,179
3802,179
3803,176
3804,174
3805,174
3806,173
3807,170
3808,169
3809,169
3810,165
3811,164
3812,165
3813,166
3814,167
3815,163
3816,163
3817,162
3818,164
3819,166
3820,163
3821,162
3822,162
3823,161
3824,155
3825,150
3826,149
3827,151
3828,151
3829,153
3830,154
3831,156
3832,157
3833,158
3834,159
3835,162
3836,165
3837,164
3838,164
3839,165
3840,164
3841,162
3842,160
3843,159
3844,160
3845,161
3846,160
3847,160
3848,160
3849,160
3850,160
3851,159
3852,160
3853,159
3854,159
3855,160
3856,158
3857,159
3858,160
3859,165
3860,170
3861,171
3862,172
3863,173
3864,174
3865,178
3866,180
3867,179
3868,180
3869,181
3870,180
3871,180
3872,182
3873,186
3874,182
3875,182
3876,171
3877,180
3878,185
3879,188
3880,194
3881,189
3882,190
3883,191
3884,192
3885,191
3886,194
3887,194
3888,194
3889,195
3890,196
3891,200
3892,204
3893,206
3894,208
3895,209
3896,206
3897,201
3898,194
3899,199
3900,199
3901,199
3902,198
3903,196
3904,197
3905,195
3906,194
3907,195
3908,195
3909,194
3910,195
3911,193
3912,190
3913,192
3914,191
3915,187
3916,185
3917,183
3918,177
3919,175
3920,175
3921,174
3922,173
3923,171
3924,170
3925,168
3926,168
3927,167
3928,165
3929,154
3930,154
3931,154
3932,153
3933,151
3934,150
3935,147
3936,146
3937,145
3938,145
3939,147
3940,147
3941,145
3942,145
3943,145
3944,143
3945,144
3946,145
3947,145
3948,145
3949,144
3950,144
3951,144
3952,144
3953,147
3954,144
3955,143
3956,147
3957,147
3958,147
3959,147
3960,146
3961,147
3962,145
3963,145
3964,145
3965,145
3966,145
3967,145
3968,145
3969,145
3970,146
3971,146
3972,144
3973,144
3974,145
3975,142
3976,140
3977,143
3978,137
3979,137
3980,137
3981,134
3982,130
3983,131
3984,135
3985,134
3986,128
3987,128
3988,110
3989,128
3990,134
3991,152
3992,160
3993,160
3994,168
3995,176
3996,184
3997,193
3998,208
3999,209
4000,215
4001,223
4002,232
4003,237
4004,245
4005,255
4006,254
4007,255
4008,251
4009,275
4010,283
4011,288
4012,287
4013,287
4014,286
4015,310
4016,313
4017,322
4018,322
4019,330
4020,332
4021,340
4022,342
4023,360
4024,363
4025,365
4026,376
4027,389
4028,390
4029,390
4030,384
4031,407
4032,419
4033,420
4034,421
4035,429
4036,443
4037,450
4038,451
4039,462
4040,477
4041,485
4042,488
4043,502
4044,512
4045,514
4046,517
4047,527
4048,529
4049,536
4050,554
4051,566
4052,573
4053,582
4054,588
4055,591
4056,598
4057,598
4058,615
4059,621
4060,632
4061,636
4062,650
4063,654
4064,655
4065,657
4066,662
4067,663
4068,671
4069,670
4070,673
4071,670
4072,669
4073,668
4074,667
4075,649
4076,652
4077,654
4078,694
4079,704
4080,713
4081,713
4082,710
4083,687
4084,711
4085,711
4086,711
4087,708
4088,710
4089,707
4090,700
4091,695
4092,682
4093,679
4094,675
4095,670
4096,658
4097,648
4098,628
4099,610
4100,613
4101,612
4102,611
4103,609
4104,602
4105,595
4106,588
4107,582
4108,578
4109,574
4110,570
4111,565
4112,564
4113,562
4114,552
4115,540
4116,538
4117,537
4118,532
4119,529
4120,526
4121,520
4122,508
4123,500
4124,493
4125,485
4126,477
4127,470
4128,463
4129,461
4130,458
4131,449
4132,440
4133,438
4134,433
4135,425
4136,418
4137,408
4138,403
4139,390
4140,379
4141,370
4142,361
4143,357
4144,346
4145,346
4146,335
4147,330
4148,321
4149,314
4150,304
4151,288
4152,268
4153,261
4154,232
4155,238
4156,240
4157,241
4158,229
4159,224
4160,218
4161,210
4162,201
4163,201
4164,201
4165,200
4166,206
4167,197
4168,193
4169,194
4170,187
4171,179
4172,175
4173,171
4174,165
4175,163
4176,163
4177,119
4178,128
4179,131
4180,130
4181,130
4182,124
4183,127
4184,126
4185,124
4186,123
4187,121
4188,123
4189,120
4190,126
4191,128
4192,129
4193,131
4194,132
4195,132
4196,137
4197,137
4198,139
4199,138
4200,137
4201,137
4202,137
4203,140
4204,137
4205,137
4206,136
4207,136
4208,136
4209,143
4210,141
4211,140
4212,138
4213,143
4214,145
4215,146
4216,145
4217,146
4218,149
4219,147
4220,147
4221,147
4222,156
4223,154
4224,153
4225,151
4226,152
4227,152
4228,153
4229,149
4230,148
4231,146
4232,151
4233,155
4234,156
4235,156
4236,157
4237,157
4238,157
4239,155
4240,156
4241,157
4242,158
4243,159
4244,159
4245,161
4246,163
4247,165
4248,164
4249,161
4250,161
4251,161
4252,161
4253,161
4254,160
4255,160
4256,159
4257,156
4258,158
4259,158
4260,157
4261,157
4262,155
4263,160
4264,161
4265,167
4266,166
4267,170
4268,176
4269,181
4270,190
4271,195
4272,206
4273,222
4274,226
4275,233
4276,237
4277,245
4278,253
4279,260
4280,269
4281,277
4282,284
4283,288
4284,295
4285,297
4286,301
4287,311
4288,317
4289,320
4290,319
4291,324
4292,332
4293,337
4294,348
4295,349
4296,356
4297,357
4298,361
4299,366
4300,371
4301,373
4302,375
4303,382
4304,386
4305,383
4306,389
4307,389
4308,391
4309,392
4310,393
4311,394
4312,396
4313,395
4314,394
4315,392
4316,391
4317,394
4318,396
4319,395
4320,395
4321,394
4322,393
4323,394
4324,388
4325,388
4326,388
4327,387
4328,386
4329,387
4330,386
4331,387
4332,387
4333,385
4334,384
4335,383
4336,382
4337,383
4338,384
4339,384
4340,384
4341,383
4342,378
4343,377
4344,377
4345,376
4346,374
4347,372
4348,371
4349,371
4350,368
4351,365
4352,365
4353,364
4354,365
4355,364
4356,363
4357,364
4358,361
4359,358
4360,355
4361,354
4362,353
4363,343
4364,333
4365,326
4366,281
4367,281
4368,281
4369,281
4370,281
4371,281
4372,281
4373,269
4374,255
4375,250
4376,237
4377,234
4378,270
4379,88
4380,88
4381,88
4382,88
4383,88
4384,88
4385,88
4386,113
4387,116
4388,116
4389,117
4390,126
4391,132
4392,132
4393,133
4394,133
4395,135
4396,144
4397,144
4398,147
4399,146
4400,145
4401,143
4402,143
4403,141
4404,139
4405,138
4406,138
4407,137
4408,137
4409,138
4410,134
4411,131
4412,132
4413,132
4414,138
4415,144
4416,146
4417,145
4418,145
4419,160
4420,164
4421,174
4422,174
4423,173
4424,172
4425,177
4426,190
4427,196
4428,203
4429,208
4430,216
4431,219
4432,223
4433,231
4434,236
4435,243
4436,243
4437,243
4438,254
4439,258
4440,258
4441,265
4442,267
4443,274
4444,282
4445,288
4446,292
4447,306
4448,312
4449,312
4450,320
4451,320
4452,322
4453,328
4454,330
4455,335
4456,336
4457,336
4458,339
4459,340
4460,348
4461,348
4462,348
4463,350
4464,350
4465,349
4466,348
4467,347
4468,350
4469,348
4470,343
4471,335
4472,337
4473,335
4474,336
4475,337
4476,334
4477,333
4478,332
4479,329
4480,325
4481,324
4482,322
4483,322
4484,318
4485,315
4486,313
4487,313
4488,311
4489,309
4490,306
4491,302
4492,302
4493,299
4494,297
4495,298
4496,298
4497,297
4498,297
4499,296
4500,295
4501,293
4502,293
4503,293
4504,291
4505,291
4506,290
4507,290
4508,288
4509,289
4510,287
4511,284
4512,280
4513,276
4514,275
4515,270
4516,267
4517,262
4518,255
4519,249
4520,243
4521,242
4522,240
4523,236
4524,231
4525,225
4526,222
4527,217
4528,211
4529,208
4530,203
4531,199
4532,195
4533,190
4534,184
4535,177
4536,170
4537,168
4538,163
4539,157
4540,149
4541,147
4542,144
4543,144
4544,136
4545,129
4546,122
4547,113
4548,107
4549,104
4550,102
4551,101
4552,98
4553,97
4554,92
4555,89
4556,87
4557,82
4558,77
4559,75
4560,71
4561,69
4562,67
4563,64
4564,67
4565,68
4566,64
4567,65
4568,67
4569,67
4570,69
4571,67
4572,69
4573,70
4574,69
4575,71
4576,71
4577,71
4578,72
4579,79
4580,83
4581,84
4582,88
4583,92
4584,93
4585,96
4586,96
4587,98
4588,97
4589,100
4590,103
4591,107
4592,107
4593,108
4594,108
4595,107
4596,106
4597,106
4598,110
4599,112
4600,116
4601,116
4602,120
4603,124
4604,126
4605,129
4606,131
4607,133
4608,139
4609,141
4610,142
4611,146
4612,147
4613,148
4614,149
4615,149
4616,161
4617,165
4618,170
4619,178
4620,179
4621,179
4622,183
4623,183
4624,186
4625,194
4626,198
4627,201
4628,213
4629,219
4630,227
4631,233
4632,243
4633,249
4634,256
4635,259
4636,268
4637,271
4638,277
4639,283
4640,288
4641,292
4642,301
4643,303
4644,305
4645,310
4646,314
4647,316
4648,331
4649,337
4650,347
4651,353
4652,361
4653,364
4654,374
4655,385
4656,401
4657,404
4658,406
4659,421
4660,426
4661,429
4662,433
4663,436
4664,442
4665,455
4666,460
4667,463
4668,460
4669,470
4670,469
4671,468
4672,460
4673,481
4674,491
4675,497
4676,500
4677,511
4678,515
4679,510
4680,498
4681,495
4682,524
4683,527
4684,532
4685,531
4686,531
4687,532
4688,532
4689,528
4690,528
4691,527
4692,528
4693,531
4694,533
4695,532
4696,531
4697,530
4698,520
4699,517
4700,517
4701,501
4702,501
4703,526
4704,527
4705,530
4706,528
4707,530
4708,521
4709,521
4710,521
4711,517
4712,517
4713,512
4714,508
4715,501
4716,500
4717,498
4718,489
4719,487
4720,486
4721,485
4722,482
4723,479
4724,467
4725,445
4726,447
4727,447
4728,447
4729,443
4730,435
4731,426
4732,424
4733,414
4734,413
4735,408
4736,403
4737,396
4738,379
4739,377
4740,370
4741,367
4742,364
4743,363
4744,358
4745,352
4746,350
4747,340
4748,339
4749,328
4750,322
4751,320
4752,307
4753,304
4754,297
4755,286
4756,275
4757,263
4758,260
4759,251
4760,240
4761,238
4762,235
4763,228
4764,223
4765,216
4766,211
4767,203
4768,199
4769,187
4770,180
4771,175
4772,175
4773,170
4774,164
4775,157
4776,152
4777,143
4778,137
4779,130
4780,125
4781,120
4782,115
4783,115
4784,114
4785,110
4786,110
4787,110
4788,110
4789,112
4790,112
4791,112
4792,111
4793,108
4794,104
4795,102
4796,99
4797,93
4798,95
4799,90
4800,87
4801,87
4802,88
4803,88
4804,87
4805,85
4806,82
4807,82
4808,83
4809,83
4810,83
4811,83
4812,85
4813,87
4814,88
4815,87
4816,86
4817,85
4818,85
4819,85
4820,87
4821,88
4822,88
4823,88
4824,86
4825,88
4826,88
4827,89
4828,90
4829,88
4830,86
4831,86
4832,87
4833,87
4834,87
4835,87
4836,87
4837,85
4838,86
4839,86
4840,85
4841,85
4842,86
4843,86
4844,86
4845,88
4846,87
4847,86
4848,85
4849,86
4850,83
4851,84
4852,84
4853,82
4854,86
4855,87
4856,89
4857,89
4858,88
4859,82
4860,85
4861,85
4862,85
4863,83
4864,82
4865,83
4866,81
4867,81
4868,82
4869,80
4870,79
4871,80
4872,80
4873,80
4874,78
4875,77
4876,77
4877,75
4878,87
4879,88
4880,90
4881,89
4882,89
4883,88
4884,88
4885,91
4886,90
4887,90
4888,87
4889,87
4890,82
4891,82
4892,82
4893,82
4894,89
4895,91
4896,91
4897,90
4898,89
4899,88
4900,88
4901,96
4902,95
4903,97
4904,97
4905,97
4906,97
4907,96
4908,97
4909,98
4910,97
4911,97
4912,94
4913,94
4914,92
4915,92
4916,92
4917,92
4918,92
4919,92
4920,92
4921,89
4922,89
4923,87
4924,87
4925,87
4926,87
4927,85
4928,84
4929,82
4930,88
4931,88
4932,89
4933,89
4934,89
4935,89
4936,88
4937,89
4938,89
4939,90
4940,90
4941,91
4942,90
4943,91
4944,91
4945,91
4946,91
4947,92
4948,91
4949,92
4950,92
4951,93
4952,90
4953,85
4954,83
4955,92
4956,92
4957,98
4958,101
4959,100
4960,101
4961,103
4962,103
4963,104
4964,104
4965,103
4966,103
4967,108
4968,111
4969,113
4970,112
4971,115
4972,114
4973,113
4974,117
4975,117
4976,118
4977,115
4978,115
4979,113
4980,111
4981,110
4982,100
4983,103
4984,103
4985,116
4986,122
4987,122
4988,122
4989,125
4990,134
4991,142
4992,149
4993,153
4994,156
4995,155
4996,155
4997,155
4998,151
4999,152
5000,152
5001,152
5002,192
5003,196
5004,199
5005,222
5006,233
5007,237
5008,245
5009,256
5010,264
5011,275
5012,278
5013,286
5014,295
5015,302
5016,307
5017,312
5018,316
5019,322
5020,330
5021,334
5022,349
5023,360
5024,361
5025,379
5026,383
5027,385
5028,390
5029,390
5030,398
5031,402
5032,410
5033,416
5034,422
5035,423
5036,424
5037,429
5038,433
5039,439
5040,438
5041,436
5042,432
5043,451
5044,454
5045,456
5046,460
5047,460
5048,460
5049,461
5050,460
5051,467
5052,465
5053,463
5054,461
5055,461
5056,458
5057,457
5058,458
5059,458
5060,455
5061,457
5062,459
5063,461
5064,462
5065,456
5066,455
5067,442
5068,448
5069,450
5070,449
5071,448
5072,446
5073,448
5074,449
5075,446
5076,444
5077,445
5078,449
5079,445
5080,444
5081,442
5082,438
5083,438
5084,438
5085,428
5086,435
5087,436
5088,436
5089,426
5090,420
5091,414
5092,405
5093,399
5094,395
5095,392
5096,384
5097,380
5098,374
5099,370
5100,365
5101,359
5102,351
5103,346
5104,335
5105,321
5106,315
5107,313
5108,296
5109,294
5110,288
5111,282
5112,275
5113,274
5114,270
5115,263
5116,261
5117,256
5118,254
5119,253
5120,238
5121,224
5122,216
5123,212
5124,207
5125,201
5126,197
5127,186
5128,181
5129,181
5130,181
5131,182
5132,175
5133,162
5134,146
5135,159
5136,168
5137,172
5138,172
5139,172
5140,164
5141,167
5142,170
5143,172
5144,172
5145,167
5146,167
5147,166
5148,167
5149,165
5150,167
5151,162
5152,159
5153,159
5154,180
5155,182
5156,185
5157,186
5158,185
5159,185
5160,184
5161,182
5162,182
5163,181
5164,180
5165,178
5166,177
5167,176
5168,176
5169,174
5170,173
5171,176
5172,176
5173,174
5174,173
5175,173
5176,173
5177,172
5178,170
5179,171
5180,171
5181,172
5182,173
5183,169
5184,168
5185,168
5186,171
5187,169
5188,169
5189,172
5190,172
5191,177
5192,179
5193,179
5194,180
5195,183
5196,183
5197,183
5198,181
5199,185
5200,187
5201,188
5202,188
5203,191
5204,191
5205,191
5206,192
5207,190
5208,187
5209,179
5210,188
5211,190
5212,193
5213,194
5214,195
5215,195
5216,195
5217,195
5218,196
5219,191
5220,190
5221,188
5222,188
5223,189
5224,191
5225,192
5226,195
5227,196
5228,198
5229,196
5230,190
5231,191
5232,191
5233,188
5234,185
5235,179
5236,178
5237,174
5238,174
5239,164
5240,157
5241,159
5242,159
5243,158
5244,157
5245,154
5246,155
5247,159
5248,160
5249,157
5250,157
5251,154
5252,147
5253,147
5254,149
5255,150
5256,149
5257,149
5258,147
5259,151
5260,150
5261,153
5262,155
5263,156
5264,157
5265,156
5266,157
5267,157
5268,158
5269,160
5270,160
5271,161
5272,163
5273,163
5274,161
5275,162
5276,159
5277,158
5278,159
5279,158
5280,159
5281,157
5282,152
5283,150
5284,150
5285,149
5286,146
5287,146
5288,140
5289,134
5290,135
5291,135
5292,134
5293,135
5294,136
5295,134
5296,133
5297,132
5298,134
5299,134
5300,134
5301,133
5302,131
5303,131
5304,132
5305,134
5306,133
5307,128
5308,127
5309,126
5310,124
5311,124
5312,123
5313,122
5314,116
5315,84
5316,85
5317,86
5318,86
5319,86
5320,87
5321,85
5322,83
5323,82
5324,82
5325,81
5326,81
5327,81
5328,80
5329,75
5330,77
5331,77
5332,77
5333,77
5334,76
5335,76
5336,83
5337,83
5338,83
5339,81
5340,81
5341,80
5342,77
5343,76
5344,74
5345,72
5346,70
5347,67
5348,64
5349,70
5350,73
5351,73
5352,72
5353,72
5354,69
5355,64
5356,57
5357,57
5358,98
5359,104
5360,104
5361,111
5362,111
5363,110
5364,114
5365,117
5366,116
5367,117
5368,116
5369,114
5370,119
5371,121
5372,124
5373,127
5374,127
5375,126
5376,129
5377,129
5378,128
5379,127
5380,124
5381,121
5382,121
5383,121
5384,144
5385,146
5386,147
5387,152
5388,156
5389,156
5390,166
5391,170
5392,169
5393,175
5394,185
5395,188
5396,187
5397,186
5398,185
5399,191
5400,191
5401,203
5402,204
5403,203
5404,213
5405,214
5406,214
5407,214
5408,227
5409,228
5410,236
5411,240
5412,240
5413,242
5414,246
5415,243
5416,243
5417,241
5418,243
5419,262
5420,263
5421,265
5422,266
5423,266
5424,265
5425,264
5426,265
5427,266
5428,264
5429,264
5430,265
5431,265
5432,263
5433,264
5434,264
5435,264
5436,264
5437,264
5438,264
5439,264
5440,265
5441,263
5442,261
5443,257
5444,263
5445,263
5446,263
5447,260
5448,258
5449,256
5450,256
5451,253
5452,246
5453,242
5454,243
5455,239
5456,233
5457,226
5458,220
5459,220
5460,218
5461,214
5462,215
5463,216
5464,213
5465,208
5466,207
5467,206
5468,202
5469,200
5470,195
5471,192
5472,192
5473,192
5474,192
5475,187
5476,187
5477,185
5478,181
5479,177
5480,175
5481,172
5482,170
5483,164
5484,162
5485,159
5486,158
5487,154
5488,151
5489,149
5490,147
5491,144
5492,141
5493,136
5494,128
5495,125
5496,122
5497,123
5498,122
5499,117
5500,117
5501,113
5502,109
5503,108
5504,104
5505,103
5506,102
5507,94
5508,87
5509,82
5510,78
5511,81
5512,81
5513,84
5514,81
5515,77
5516,75
5517,77
5518,76
5519,77
5520,79
5521,80
5522,80
5523,85
5524,83
5525,84
5526,86
5527,85
5528,88
5529,92
5530,92
5531,93
5532,94
5533,94
5534,94
5535,100
5536,105
5537,105
5538,104
5539,105
5540,104
5541,103
5542,103
5543,103
5544,103
5545,112
5546,112
5547,111
5548,111
5549,113
5550,115
5551,118
5552,119
5553,121
5554,122
5555,122
5556,123
5557,124
5558,125
5559,125
5560,130
5561,132
5562,133
5563,133
5564,133
5565,133
5566,135
5567,135
5568,136
5569,139
5570,141
5571,142
5572,141
5573,141
5574,140
5575,140
5576,142
5577,143
5578,144
5579,143
5580,143
5581,142
5582,142
5583,141
5584,147
5585,149
5586,149
5587,149
5588,155
5589,154
5590,153
5591,156
5592,155
5593,159
5594,159
5595,159
5596,161
5597,162
5598,163
5599,166
5600,164
5601,170
5602,171
5603,173
5604,174
5605,174
5606,174
5607,174
5608,179
5609,181
5610,179
5611,177
5612,175
5613,171
5614,170
5615,170
5616,168
5617,163
5618,150
5619,158
5620,159
5621,159
5622,159
5623,157
5624,157
5625,155
5626,154
5627,153
5628,152
5629,147
5630,146
5631,145
5632,144
5633,140
5634,137
5635,135
5636,134
5637,132
5638,131
5639,128
5640,127
5641,127
5642,125
5643,124
5644,122
5645,119
5646,119
5647,118
5648,118
5649,117
5650,112
5651,110
5652,108
5653,97
5654,97
5655,97
5656,97
5657,97
5658,97
5659,97
5660,78
5661,76
5662,38
5663,38
5664,38
5665,38
5666,38
5667,40
5668,41
5669,40
5670,40
5671,40
5672,40
5673,41
5674,43
5675,42
5676,43
5677,44
5678,44
5679,44
5680,44
5681,44
5682,44
5683,45
5684,47
5685,47
5686,47
5687,48
5688,46
5689,45
5690,45
5691,43
5692,43
5693,43
5694,42
5695,42
5696,42
5697,42
5698,40
5699,40
5700,40
5701,39
5702,37
5703,35
5704,36
5705,36
5706,35
5707,38
5708,38
5709,36
5710,36
5711,38
5712,38
5713,38
5714,37
5715,37
5716,38
5717,38
5718,37
5719,37
5720,36
5721,36
5722,36
5723,36
5724,36
5725,35
5726,35
5727,34
5728,33
5729,33
5730,33
5731,32
5732,32
5733,32
5734,32
5735,34
5736,36
5737,36
5738,36
5739,38
5740,38
5741,38
5742,37
5743,35
5744,36
5745,36
5746,36
5747,36
5748,35
5749,35
5750,32
5751,32
5752,32
5753,32
5754,33
5755,33
5756,33
5757,33
5758,33
5759,32
5760,32
5761,32
5762,32
5763,32
5764,33
5765,34
5766,34
5767,33
5768,32
5769,33
5770,33
5771,33
5772,33
5773,33
5774,31
5775,31
5776,33
5777,31
5778,33
5779,34
5780,35
5781,33
5782,33
5783,32
5784,32
5785,33
5786,33
5787,32
5788,32
5789,32
5790,32
5791,32
5792,32
5793,32
5794,32
5795,32
5796,32
5797,32
5798,32
5799,32
5800,32
5801,32
5802,31
5803,31
5804,23
5805,25
5806,25
5807,26
5808,26
5809,26
5810,27
5811,28
5812,28
5813,28
5814,28
5815,28
5816,30
5817,30
5818,30
5819,30
5820,31
5821,31
5822,31
5823,31
5824,34
5825,34
5826,35
5827,35
5828,38
5829,39
5830,41
5831,42
5832,44
5833,44
5834,45
5835,45
5836,45
5837,46
5838,46
5839,46
5840,47
5841,47
5842,45
5843,43
5844,43
5845,41
5846,41
5847,41
5848,41
5849,42
5850,43
5851,42
5852,43
5853,43
5854,43
5855,44
5856,44
5857,46
5858,48
5859,48
5860,49
5861,50
5862,52
5863,52
5864,52
5865,53
5866,54
5867,54
5868,54
5869,53
5870,54
5871,54
5872,53
5873,52
5874,52
5875,53
5876,54
5877,54
5878,54
5879,54
5880,55
5881,52
5882,51
5883,51
5884,49
5885,49
5886,48
5887,48
5888,48
5889,48
5890,48
5891,48
5892,48
5893,48
5894,48
5895,48
5896,48
5897,48
5898,47
5899,46
5900,46
5901,50
5902,50
5903,51
5904,51
5905,51
5906,51
5907,51
5908,53
5909,53
5910,51
5911,50
5912,50
5913,50
5914,48
5915,49
5916,49
5917,49
5918,48
5919,47
5920,47
5921,46
5922,46
5923,44
5924,44
5925,45
5926,45
5927,43
5928,42
5929,42
5930,42
5931,41
5932,38
5933,39
5934,41
5935,41
5936,41
5937,43
5938,43
5939,42
5940,42
5941,43
5942,44
5943,44
5944,45
5945,45
5946,46
5947,46
5948,43
5949,45
5950,45
5951,45
5952,44
5953,44
5954,44
5955,44
5956,40
5957,40
5958,38
5959,37
5960,37
5961,36
5962,36
5963,35
5964,33
5965,33
5966,33
5967,27
5968,27
5969,27
5970,27
5971,30
5972,30
5973,30
5974,31
5975,31
5976,31
5977,33
5978,32
5979,32
5980,32
5981,31
5982,33
5983,33
5984,33
5985,33
5986,33
5987,33
5988,33
5989,33
5990,32
5991,32
5992,32
5993,35
5994,35
5995,35
5996,33
5997,33
5998,33
5999,34
6000,31
6001,31
6002,33
6003,33
6004,33
6005,33
6006,36
6007,34
6008,34
6009,34
6010,34
6011,34
6012,34
6013,34
6014,36
6015,36
6016,36
6017,36
6018,37
6019,37
6020,39
6021,39
6022,38
6023,38
6024,38
6025,39
6026,38
6027,38
6028,39
6029,39
6030,39
6031,39
6032,36
6033,36
6034,36
6035,37
6036,38
6037,37
6038,37
6039,38
6040,38
6041,38
6042,39
6043,41
6044,40
6045,41
6046,40
6047,39
6048,39
6049,38
6050,38
6051,38
6052,38
6053,38
6054,38
6055,36
6056,38
6057,38
6058,38
6059,37
6060,37
6061,38
6062,43
6063,45
6064,45
6065,45
6066,43
6067,43
6068,43
6069,43
6070,44
6071,43
6072,43
6073,42
6074,44
6075,45
6076,46
6077,44
6078,44
6079,44
6080,44
6081,46
6082,45
6083,45
6084,45
6085,45
6086,45
6087,45
6088,45
6089,46
6090,45
6091,43
6092,43
6093,43
6094,43
6095,44
6096,44
6097,44
6098,44
6099,43
6100,42
6101,41
6102,40
6103,40
6104,36
6105,36
6106,36
6107,36
6108,36
6109,36
6110,36
6111,35
6112,35
6113,35
6114,35
6115,34
6116,34
6117,34
6118,32
6119,27
6120,27
6121,27
6122,27
6123,32
6124,32
6125,32
6126,32
6127,32
6128,32
6129,32
6130,32
6131,33
6132,33
6133,33
6134,32
6135,32
6136,29
6137,31
6138,31
6139,31
6140,29
6141,31
6142,31
6143,30
6144,30
6145,30
6146,30
6147,30
6148,30
6149,30
6150,30
6151,30
6152,30
6153,28
6154,28
6155,28
6156,28
6157,28
6158,28
6159,28
6160,28
6161,18
6162,18
6163,18
6164,18
6165,18
6166,18
6167,18
6168,18
6169,18
6170,18
6171,18
6172,13
6173,13
6174,13
6175,17
6176,17
6177,18
6178,18
6179,18
6180,18
6181,19
6182,19
6183,19
6184,19
6185,19
6186,20
6187,20
6188,20
6189,19
6190,19
6191,18
6192,18
6193,18
6194,19
6195,19
6196,19
6197,19
6198,19
6199,19
6200,19
6201,19
6202,24
6203,24
6204,24
6205,24
6206,24
6207,24
6208,24
6209,24
6210,26
6211,26
6212,25
6213,24
6214,23
6215,22
6216,24
6217,24
6218,24
6219,23
6220,23
6221,23
6222,21
6223,21
6224,21
6225,21
6226,21
6227,26
6228,26
6229,26
6230,26
6231,27
6232,29
6233,31
6234,31
6235,31
6236,31
6237,30
6238,30
6239,31
6240,31
6241,32
6242,32
6243,31
6244,30
6245,33
6246,33
6247,33
6248,33
6249,32
6250,32
6251,32
6252,32
6253,36
6254,38
6255,38
6256,38
6257,38
6258,38
6259,38
6260,38
6261,37
6262,37
6263,40
6264,40
6265,40
6266,40
6267,40
6268,39
6269,41
6270,42
6271,43
6272,43
6273,43
6274,42
6275,42
6276,41
6277,41
6278,41
6279,42
6280,43
6281,44
6282,44
6283,44
6284,44
6285,43
6286,43
6287,43
6288,43
6289,43
6290,43
6291,43
6292,42
6293,42
6294,41
6295,41
6296,40
6297,39
6298,39
6299,37
6300,36
6301,36
6302,38
6303,38
6304,39
6305,40
6306,42
6307,42
6308,42
6309,42
6310,39
6311,39
6312,40
6313,39
6314,39
6315,39
6316,39
6317,39
6318,40
6319,40
6320,42
6321,42
6322,42
6323,41
6324,39
6325,40
6326,40
6327,39
6328,39
6329,38
6330,38
6331,38
6332,36
6333,34
6334,33
6335,32
6336,32
6337,32
6338,32
6339,31
6340,30
6341,30
6342,28
6343,28
6344,27
6345,27
6346,34
6347,35
6348,34
6349,34
6350,21
6351,21
6352,21
6353,20
6354,21
6355,21
6356,22
6357,22
6358,22
6359,22
6360,22
6361,22
6362,22
6363,22
6364,22
6365,22
6366,22
6367,23
6368,23
6369,23
6370,24
6371,24
6372,24
6373,26
6374,27
6375,27
6376,27
6377,27
6378,28
6379,30
6380,30
6381,30
6382,29
6383,32
6384,32
6385,32
6386,32
6387,32
6388,33
6389,32
6390,32
6391,32
6392,29
6393,29
6394,29
6395,29
6396,29
6397,29
6398,29
6399,28
6400,27
6401,25
6402,25
6403,25
6404,25
6405,27
6406,27
6407,28
6408,28
6409,28
6410,25
6411,26
6412,26
6413,26
6414,25
6415,26
6416,28
6417,28
6418,28
6419,28
6420,28
6421,29
6422,29
6423,29
6424,28
6425,29
6426,29
6427,29
6428,29
6429,29
6430,29
6431,29
6432,29
6433,31
6434,32
6435,32
6436,32
6437,33
6438,33
6439,33
6440,32
6441,32
6442,31
6443,33
6444,33
6445,34
6446,34
6447,33
6448,33
6449,33
6450,32
6451,32
6452,33
6453,33
6454,34
6455,33
6456,33
6457,33
6458,33
6459,34
6460,34
6461,34
6462,34
6463,34
6464,34
6465,34
6466,34
6467,33
6468,32
6469,32
6470,32
6471,32
6472,27
6473,27
6474,27
6475,29
6476,29
6477,29
6478,29
6479,28
6480,27
6481,28
6482,28
6483,28
6484,28
6485,28
6486,28
6487,27
6488,29
6489,29
6490,29
6491,29
6492,29
6493,28
6494,28
6495,28
6496,28
6497,30
6498,30
6499,30
6500,28
6501,28
6502,28
6503,28
6504,28
6505,28
6506,28
6507,27
6508,27
6509,28
6510,27
6511,27
6512,28
6513,28
6514,27
6515,27
6516,26
6517,26
6518,25
6519,26
6520,26
6521,26
6522,26
6523,26
6524,26
6525,26
6526,26
6527,23
6528,23
6529,23
6530,23
6531,23
6532,23
6533,24
6534,25
6535,24
6536,23
6537,23
6538,22
6539,22
6540,21
6541,21
6542,20
6543,20
6544,21
6545,20
6546,20
6547,20
6548,20
6549,21
6550,21
6551,21
6552,20
6553,18
6554,18
6555,18
6556,18
6557,21
6558,21
6559,21
6560,21
6561,21
6562,23
6563,23
6564,23
6565,23
6566,23
6567,23
6568,23
6569,23
6570,23
6571,23
6572,22
6573,21
6574,21
6575,21
6576,21
6577,21
6578,21
6579,21
6580,20
6581,19
6582,19
6583,19
6584,16
6585,16
6586,16
6587,18
6588,18
6589,18
6590,18
6591,19
6592,19
6593,19
6594,19
6595,18
6596,18
6597,17
6598,17
6599,19
6600,19
6601,20
6602,20
6603,19
6604,19
6605,22
6606,25
6607,25
6608,24
6609,24
6610,24
6611,24
6612,24
6613,24
6614,24
6615,22
6616,22
6617,22
6618,24
6619,24
6620,24
6621,24
6622,23
6623,25
6624,25
6625,25
6626,26
6627,26
6628,26
6629,26
6630,26
6631,50
6632,50
6633,50
6634,61
6635,63
6636,63
6637,64
6638,64
6639,66
6640,67
6641,70
6642,70
6643,72
6644,72
6645,72
6646,72
6647,73
6648,73
6649,74
6650,78
6651,78
6652,78
6653,78
6654,78
6655,77
6656,74
6657,74
6658,76
6659,76
6660,76
6661,76
6662,76
6663,77
6664,79
6665,79
6666,81
6667,82
6668,82
6669,82
6670,82
6671,82
6672,85
6673,84
6674,84
6675,84
6676,83
6677,83
6678,80
6679,82
6680,83
6681,83
6682,83
6683,83
6684,83
6685,83
6686,82
6687,81
6688,81
6689,81
6690,79
6691,79
6692,79
6693,78
6694,81
6695,80
6696,80
6697,79
6698,79
6699,78
6700,76
6701,74
6702,73
6703,71
6704,69
6705,69
6706,65
6707,61
6708,58
6709,61
6710,60
6711,61
6712,60
6713,61
6714,61
6715,61
6716,61
6717,61
6718,60
6719,58
6720,58
6721,54
6722,54
6723,54
6724,53
6725,53
6726,53
6727,45
6728,50
6729,52
6730,53
6731,53
6732,52
6733,51
6734,50
6735,49
6736,48
6737,47
6738,48
6739,49
6740,49
6741,49
6742,49
6743,48
6744,47
6745,49
6746,48
6747,49
6748,47
6749,47
6750,47
6751,46
6752,47
6753,47
6754,47
6755,46
6756,46
6757,47
6758,48
6759,48
6760,48
6761,46
6762,46
6763,45
6764,44
6765,44
6766,43
6767,43
6768,43
6769,42
6770,42
6771,41
6772,41
6773,41
6774,41
6775,39
6776,39
6777,39
6778,40
6779,41
6780,41
6781,42
6782,43
6783,43
6784,43
6785,43
6786,43
6787,43
6788,43
6789,43
6790,43
6791,42
6792,40
6793,40
6794,41
6795,41
6796,42
6797,43
6798,44
6799,43
6800,44
6801,44
6802,44
6803,44
6804,43
6805,44
6806,44
6807,44
6808,44
6809,43
6810,43
6811,43
6812,43
6813,43
6814,44
6815,44
6816,44
6817,44
6818,45
6819,45
6820,45
6821,45
6822,45
6823,44
6824,44
6825,43
6826,40
6827,39
6828,35
6829,35
6830,36
6831,36
6832,34
6833,34
6834,34
6835,33
6836,31
6837,32
6838,32
6839,31
6840,29
6841,28
6842,27
6843,26
6844,26
6845,25
6846,25
6847,24
6848,24
6849,24
6850,22
6851,22
6852,22
6853,25
6854,25
6855,25
6856,25
6857,24
6858,23
6859,23
6860,23
6861,23
6862,22
6863,22
6864,22
6865,22
6866,21
6867,21
6868,21
6869,21
6870,24
6871,25
6872,25
6873,25
6874,24
6875,24
6876,24
6877,24
6878,23
6879,22
6880,21
6881,22
6882,22
6883,22
6884,21
6885,21
6886,21
6887,21
6888,21
6889,21
6890,22
6891,22
6892,22
6893,22
6894,22
6895,20
6896,19
6897,19
6898,18
6899,18
6900,17
6901,17
6902,16
6903,16
6904,16
6905,16
6906,16
6907,16
6908,16
6909,15
6910,15
6911,15
6912,15
6913,16
6914,16
6915,8
6916,8
6917,8
6918,9
6919,10
6920,12
6921,12
6922,12
6923,12
6924,12
6925,12
6926,12
6927,10
6928,10
6929,10
6930,10
6931,9
6932,9
6933,9
6934,11
6935,11
6936,11
6937,11
6938,11
6939,11
6940,12
6941,12
6942,12
6943,12
6944,12
6945,12
6946,12
6947,12
6948,12
6949,12
6950,12
6951,12
6952,13
6953,13
6954,13
6955,13
6956,12
6957,12
6958,12
6959,12
6960,12
6961,12
6962,12
6963,12
6964,12
6965,13
6966,15
6967,15
6968,15
6969,15
6970,16
6971,15
6972,16
6973,19
6974,19
6975,20
6976,20
6977,20
6978,21
6979,21
6980,21
6981,22
6982,23
6983,23
6984,23
6985,23
6986,23
6987,23
6988,23
6989,27
6990,27
6991,27
6992,27
6993,29
6994,29
6995,29
6996,31
6997,33
6998,33
6999,33
7000,32
7001,31
7002,34
7003,34
7004,34
7005,35
7006,36
7007,36
7008,36
7009,37
7010,37
7011,37
7012,37
7013,39
7014,40
7015,40
7016,38
7017,40
7018,40
7019,40
7020,38
7021,38
7022,42
7023,42
7024,42
7025,41
7026,41
7027,41
7028,41
7029,41
7030,41
7031,41
7032,41
7033,40
7034,41
7035,41
7036,41
7037,43
7038,44
7039,44
7040,43
7041,45
7042,45
7043,45
7044,45
7045,45
7046,46
7047,47
7048,47
7049,47
7050,48
7051,48
7052,48
7053,48
7054,48
7055,48
7056,48
7057,48
7058,48
7059,47
7060,47
7061,47
7062,47
7063,47
7064,47
7065,46
7066,45
7067,44
7068,45
7069,45
7070,44
7071,44
7072,43
7073,41
7074,41
7075,40
7076,40
7077,40
7078,39
7079,38
7080,38
7081,37
7082,35
7083,35
7084,35
7085,35
7086,35
7087,35
7088,34
7089,32
7090,32
7091,31
7092,31
7093,29
7094,29
7095,27
7096,27
7097,26
7098,26
7099,25
7100,25
7101,24
7102,22
7103,22
7104,22
7105,21
7106,21
7107,14
7108,13
7109,13
7110,13
7111,13
7112,12
7113,12
7114,11
7115,11
7116,11
7117,11
7118,11
7119,11
7120,10
7121,9
7122,9
7123,9
7124,9
7125,9
7126,8
7127,8
7128,8
7129,8
7130,8
7131,8
7132,8
7133,7
7134,7
7135,7
7136,7
7137,5
7138,5
7139,2
7140,2
7141,2
7142,2
7143,2
7144,2
7145,2
7146,2
7147,1
7148,1
7149,1
7150,1
7151,1
7152,1
7153,1
7154,1
7155,1
7156,0
7157,0
7158,0
7159,0
7160,0
7161,0
7162,0
7163,0
7164,0
7165,0
7166,0
7167,1
7168,1
7169,1
7170,1
7171,1
7172,1
7173,1
7174,1
7175,1
7176,1
7177,1
7178,1
7179,1
7180,1
7181,1
7182,1
7183,1
7184,1
7185,1
7186,1
7187,1
7188,1
7189,1
7190,1
7191,1
7192,1
7193,1
7194,1
7195,1
7196,1
7197,1
7198,1
7199,1
7200,1
7201,1
7202,1
7203,1
7204,1
7205,1
7206,1
7207,1
7208,1
7209,1
7210,1
7211,1
7212,1
7213,1
7214,1
7215,1
7216,1
7217,1
7218,1
7219,1
7220,1
7221,1
7222,1
7223,1
7224,1
7225,1
7226,1
7227,1
7228,1
7229,1
7230,1
7231,1
7232,1
7233,1
7234,1
7235,1
7236,1
7237,1
7238,1
7239,1
7240,1
7241,1
7242,1
7243,1
7244,1
7245,1
7246,1
7247,1
7248,1
7249,2
7250,2
7251,2
7252,2
7253,2
7254,2
7255,2
7256,1
7257,1
7258,1
7259,1
7260,1
7261,1
7262,1
7263,1
7264,1
7265,1
7266,2
7267,2
7268,2
7269,2
7270,2
7271,3
7272,4
7273,5
7274,5
7275,6
7276,6
7277,6
7278,6
7279,6
7280,6
7281,6
7282,6
7283,6
7284,7
7285,7
7286,7
7287,7
7288,7
7289,7
7290,7
7291,7
7292,7
7293,7
7294,7
7295,8
7296,8
7297,9
7298,9
7299,9
7300,10
7301,10
7302,10
7303,10
7304,11
7305,11
7306,11
7307,11
7308,12
7309,12
7310,12
7311,12
7312,13
7313,13
7314,13
7315,13
7316,13
7317,13
7318,13
7319,14
7320,14
7321,16
7322,16
7323,16
7324,19
7325,19
7326,20
7327,21
7328,22
7329,22
7330,22
7331,24
7332,24
7333,24
7334,24
7335,24
7336,24
7337,24
7338,24
7339,27
7340,27
7341,27
7342,27
7343,27
7344,28
7345,31
7346,31
7347,31
7348,30
7349,31
7350,32
7351,32
7352,32
7353,32
7354,33
7355,33
7356,33
7357,33
7358,33
7359,34
7360,35
7361,35
7362,35
7363,37
7364,38
7365,39
7366,38
7367,38
7368,38
7369,36
7370,35
7371,35
7372,34
7373,34
7374,36
7375,37
7376,38
7377,38
7378,38
7379,39
7380,39
7381,39
7382,39
7383,38
7384,37
7385,37
7386,38
7387,38
7388,40
7389,40
7390,41
7391,41
7392,41
7393,41
7394,40
7395,40
7396,40
7397,40
7398,39
7399,39
7400,40
7401,40
7402,40
7403,40
7404,39
7405,39
7406,39
7407,39
7408,39
7409,38
7410,38
7411,38
7412,37
7413,37
7414,36
7415,36
7416,36
7417,35
7418,34
7419,34
7420,34
7421,34
7422,25
7423,24
7424,24
7425,24
7426,24
7427,24
7428,24
7429,23
7430,23
7431,23
7432,23
7433,23
7434,23
7435,23
7436,23
7437,23
7438,23
7439,22
7440,22
7441,22
7442,22
7443,22
7444,19
7445,19
7446,19
7447,19
7448,19
7449,19
7450,19
7451,19
7452,19
7453,19
7454,19
7455,18
7456,18
7457,10
7458,9
7459,9
7460,9
7461,9
7462,9
7463,8
7464,8
7465,8
7466,8
7467,7
7468,7
7469,5
7470,5
7471,5
7472,5
7473,5
7474,5
7475,5
7476,5
7477,5
7478,4
7479,4
7480,4
7481,3
7482,3
7483,3
7484,3
7485,3
7486,3
7487,2
7488,3
7489,3
7490,3
7491,4
7492,4
7493,4
7494,4
7495,4
7496,4
7497,4
7498,4
7499,4
7500,4
7501,2
7502,2
7503,2
7504,2
7505,2
7506,4
7507,4
7508,4
7509,4
7510,4
7511,4
7512,4
7513,4
7514,4
7515,4
7516,4
7517,4
7518,4
7519,4
7520,4
7521,4
7522,4
7523,4
7524,4
7525,4
7526,4
7527,4
7528,4
7529,4
7530,4
7531,4
7532,4
7533,4
7534,4
7535,4
7536,4
7537,4
7538,4
7539,4
7540,4
7541,4
7542,4
7543,4
7544,4
7545,4
7546,4
7547,4
7548,4
7549,4
7550,4
7551,4
7552,4
7553,4
7554,4
7555,4
7556,4
7557,4
7558,4
7559,4
7560,4
7561,4
7562,4
7563,4
7564,3
7565,2
7566,2
7567,2
7568,2
7569,2
7570,2
7571,2
7572,2
7573,2
7574,2
7575,2
7576,2
7577,2
7578,2
7579,2
7580,2
7581,2
7582,2
7583,1
7584,1
7585,1
7586,0
7587,0
7588,0
7589,0
7590,1
7591,1
7592,1
7593,1
7594,1
7595,1
7596,1
7597,1
7598,1
7599,1
7600,1
7601,1
7602,1
7603,1
7604,1
7605,1
7606,1
7607,1
7608,1
7609,1
7610,1
7611,1
7612,1
7613,1
7614,1
7615,1
7616,1
7617,1
7618,1
7619,1
7620,1
7621,1
7622,1
7623,1
7624,1
7625,1
7626,1
7627,1
7628,1
7629,1
7630,1
7631,1
7632,1
7633,1
7634,1
7635,1
7636,1
7637,1
7638,1
7639,1
7640,1
7641,1
7642,1
7643,1
7644,1
7645,1
7646,0
7647,0
7648,0
7649,0
7650,0
7651,0
7652,0
7653,0
7654,0
7655,0
7656,0
7657,0
7658,0
7659,0
7660,0
7661,0
7662,0
7663,0
7664,0
7665,1
7666,1
7667,1
7668,1
7669,1
7670,1
7671,1
7672,1
7673,1
7674,1
7675,1
7676,1
7677,1
7678,1
7679,1
7680,1
7681,1
7682,1
7683,1
7684,1
7685,2
7686,2
7687,2
7688,2
7689,2
7690,2
7691,2
7692,2
7693,2
7694,2
7695,2
7696,2
7697,2
7698,2
7699,2
7700,2
7701,2
7702,2
7703,2
7704,2
7705,2
7706,2
7707,2
7708,3
7709,3
7710,3
7711,3
7712,3
7713,3
7714,3
7715,3
7716,3
7717,3
7718,3
7719,3
7720,3
7721,3
7722,4
7723,4
7724,4
7725,4
7726,4
7727,8
7728,8
7729,9
7730,11
7731,11
7732,11
7733,11
7734,11
7735,12
7736,12
7737,12
7738,13
7739,13
7740,13
7741,13
7742,13
7743,13
7744,13
7745,13
7746,13
7747,12
7748,12
7749,13
7750,13
7751,13
7752,14
7753,14
7754,15
7755,15
7756,15
7757,16
7758,16
7759,16
7760,16
7761,16
7762,16
7763,16
7764,16
7765,16
7766,16
7767,16
7768,16
7769,16
7770,15
7771,15
7772,14
7773,14
7774,14
7775,13
7776,12
7777,12
7778,12
7779,12
7780,12
7781,12
7782,12
7783,12
7784,12
7785,12
7786,12
7787,12
7788,12
7789,12
7790,12
7791,12
7792,12
7793,19
7794,19
7795,19
7796,19
7797,20
7798,20
7799,20
7800,20
7801,20
7802,20
7803,20
7804,21
7805,21
7806,22
7807,22
7808,21
7809,21
7810,22
7811,22
7812,22
7813,22
7814,22
7815,22
7816,22
7817,22
7818,22
7819,22
7820,22
7821,21
7822,20
7823,20
7824,20
7825,20
7826,19
7827,19
7828,17
7829,17
7830,17
7831,17
7832,17
7833,17
7834,17
7835,17
7836,13
7837,12
7838,12
7839,12
7840,12
7841,12
7842,12
7843,12
7844,10
7845,10
7846,10
7847,9
7848,9
7849,9
7850,9
7851,9
7852,9
7853,9
7854,9
7855,9
7856,9
7857,9
7858,9
7859,8
7860,8
7861,8
7862,8
7863,8
7864,8
7865,7
7866,7
7867,7
7868,7
7869,7
7870,7
7871,5
7872,3
7873,3
7874,3
7875,3
7876,3
7877,3
7878,3
7879,3
7880,3
7881,2
7882,2
7883,2
7884,2
7885,2
7886,2
7887,2
7888,2
7889,2
7890,3
7891,2
7892,2
7893,2
7894,2
7895,2
7896,2
7897,2
7898,2
7899,2
7900,2
7901,2
7902,2
7903,2
7904,2
7905,2
7906,2
7907,2
7908,2
7909,2
7910,1
7911,1
7912,1
7913,1
7914,1
7915,1
7916,1
7917,1
7918,1
7919,1
7920,1
7921,1
7922,1
7923,1
7924,1
7925,1
7926,1
7927,1
7928,1
7929,1
7930,1
7931,1
7932,1
7933,1
7934,1
7935,1
7936,1
7937,1
7938,1
7939,1
7940,1
7941,1
7942,1
7943,1
7944,1
7945,1
7946,1
7947,1
7948,1
7949,1
7950,1
7951,1
7952,1
7953,1
7954,2
7955,2
7956,2
7957,2
7958,2
7959,2
7960,2
7961,2
7962,2
7963,2
7964,2
7965,2
7966,2
7967,2
7968,2
7969,2
7970,3
7971,3
7972,3
7973,3
7974,3
7975,3
7976,3
7977,3
7978,3
7979,3
7980,3
7981,3
7982,3
7983,3
7984,3
7985,3
7986,2
7987,2
7988,2
7989,2
7990,2
7991,2
7992,2
7993,2
7994,2
7995,2
7996,2
7997,2
7998,2
7999,2
8000,2
8001,2
8002,2
8003,2
8004,2
8005,2
8006,2
8007,2
8008,2
8009,2
8010,2
8011,2
8012,1
8013,1
8014,1
8015,1
8016,1
8017,1
8018,1
8019,1
8020,1
8021,1
8022,1
8023,1
8024,1
8025,1
8026,1
8027,1
8028,1
8029,1
8030,1
8031,1
8032,1
8033,0
8034,0
8035,0
8036,0
8037,0
8038,0
8039,0
8040,0
8041,0
8042,0
8043,0
8044,0
8045,0
8046,0
8047,0
8048,0
8049,0
8050,0
8051,0
8052,0
8053,0
8054,0
8055,0
8056,0
8057,0
8058,0
8059,0
8060,0
8061,0
8062,0
8063,0
8064,0
8065,0
8066,0
8067,0
8068,0
8069,0
8070,0
8071,0
8072,0
8073,0
8074,0
8075,0
8076,0
8077,0
8078,0
8079,0
8080,0
8081,0
8082,0
8083,0
8084,0
8085,0
8086,0
8087,0
8088,0
8089,0
8090,0
8091,0
8092,0
8093,0
8094,0
8095,0
8096,0
8097,0
8098,0
8099,0
8100,0
8101,0
8102,0
8103,0
8104,0
8105,0
8106,0
8107,0
8108,0
8109,0
8110,0
8111,0
8112,0
8113,0
8114,0
8115,0
8116,0
8117,0
8118,0
8119,0
8120,0
8121,0
8122,0
8123,0
8124,0
8125,0
8126,0
8127,0
8128,0
8129,0
8130,0
8131,0
8132,0
8133,0
8134,0
8135,0
8136,0
8137,0
8138,0
8139,0
8140,0
8141,0
8142,0
8143,0
8144,0
8145,0
8146,0
8147,0
8148,0
