Position,AY678298_1_c29086-23326_Lycopersicon_esculentum_clone_56B23_chromosome_6__gypsy.fa_001
1,0
2,0
3,0
4,0
5,0
6,0
7,0
8,0
9,0
10,0
11,0
12,0
13,0
14,0
15,0
16,0
17,2
18,2
19,2
20,2
21,2
22,2
23,2
24,2
25,2
26,2
27,2
28,2
29,2
30,2
31,2
32,2
33,2
34,2
35,2
36,2
37,2
38,2
39,2
40,2
41,2
42,2
43,2
44,2
45,2
46,2
47,2
48,2
49,2
50,2
51,2
52,2
53,2
54,2
55,2
56,2
57,2
58,2
59,2
60,2
61,2
62,2
63,2
64,2
65,2
66,2
67,0
68,0
69,0
70,0
71,0
72,0
73,0
74,0
75,0
76,0
77,0
78,0
79,0
80,0
81,0
82,0
83,0
84,0
85,0
86,0
87,0
88,0
89,0
90,0
91,0
92,0
93,0
94,0
95,0
96,0
97,0
98,0
99,0
100,0
101,0
102,0
103,0
104,0
105,0
106,0
107,0
108,0
109,0
110,0
111,0
112,0
113,0
114,0
115,0
116,0
117,0
118,0
119,0
120,0
121,0
122,0
123,0
124,0
125,0
126,0
127,0
128,0
129,0
130,0
131,0
132,0
133,0
134,0
135,0
136,0
137,0
138,0
139,0
140,0
141,0
142,0
143,0
144,0
145,0
146,0
147,0
148,0
149,0
150,0
151,0
152,0
153,0
154,0
155,0
156,0
157,0
158,0
159,0
160,0
161,0
162,0
163,0
164,0
165,0
166,0
167,0
168,3
169,3
170,3
171,3
172,3
173,3
174,4
175,4
176,4
177,4
178,4
179,4
180,4
181,4
182,4
183,4
184,4
185,4
186,4
187,4
188,4
189,4
190,4
191,4
192,4
193,4
194,4
195,4
196,4
197,6
198,6
199,6
200,6
201,6
202,6
203,6
204,7
205,8
206,8
207,8
208,8
209,8
210,8
211,8
212,8
213,8
214,8
215,8
216,8
217,8
218,9
219,9
220,9
221,9
222,9
223,9
224,9
225,9
226,9
227,9
228,9
229,9
230,9
231,9
232,9
233,9
234,9
235,9
236,9
237,9
238,9
239,9
240,9
241,9
242,9
243,8
244,8
245,8
246,8
247,8
248,8
249,8
250,8
251,8
252,8
253,8
254,8
255,8
256,7
257,7
258,7
259,7
260,7
261,7
262,7
263,7
264,6
265,6
266,6
267,6
268,6
269,6
270,6
271,5
272,5
273,5
274,5
275,5
276,5
277,5
278,5
279,5
280,5
281,5
282,5
283,5
284,5
285,5
286,5
287,5
288,5
289,5
290,5
291,5
292,5
293,5
294,0
295,0
296,0
297,0
298,0
299,0
300,0
301,0
302,0
303,0
304,0
305,0
306,0
307,0
308,0
309,0
310,0
311,0
312,0
313,0
314,0
315,0
316,0
317,0
318,0
319,0
320,0
321,0
322,0
323,0
324,0
325,0
326,0
327,0
328,0
329,0
330,0
331,0
332,0
333,0
334,0
335,0
336,0
337,0
338,0
339,0
340,0
341,0
342,0
343,0
344,0
345,0
346,0
347,0
348,0
349,0
350,0
351,0
352,0
353,0
354,0
355,0
356,0
357,0
358,0
359,0
360,0
361,0
362,0
363,0
364,0
365,0
366,0
367,0
368,0
369,0
370,0
371,0
372,0
373,0
374,0
375,0
376,0
377,0
378,0
379,0
380,0
381,0
382,0
383,0
384,0
385,0
386,0
387,0
388,0
389,0
390,0
391,0
392,0
393,0
394,0
395,0
396,0
397,0
398,0
399,0
400,0
401,0
402,0
403,0
404,0
405,0
406,0
407,0
408,0
409,0
410,0
411,0
412,0
413,0
414,0
415,0
416,0
417,0
418,0
419,0
420,0
421,0
422,0
423,0
424,0
425,0
426,0
427,0
428,0
429,0
430,0
431,0
432,0
433,0
434,0
435,0
436,0
437,0
438,0
439,0
440,0
441,0
442,0
443,0
444,0
445,0
446,0
447,0
448,0
449,0
450,0
451,0
452,0
453,0
454,0
455,0
456,0
457,0
458,0
459,0
460,0
461,0
462,0
463,0
464,0
465,0
466,0
467,0
468,0
469,0
470,0
471,0
472,0
473,0
474,0
475,0
476,0
477,0
478,0
479,0
480,0
481,0
482,0
483,0
484,0
485,0
486,0
487,0
488,0
489,0
490,0
491,0
492,0
493,0
494,0
495,0
496,0
497,0
498,0
499,0
500,0
501,0
502,0
503,0
504,0
505,0
506,0
507,0
508,0
509,0
510,0
511,0
512,0
513,0
514,0
515,0
516,0
517,0
518,0
519,0
520,0
521,0
522,0
523,0
524,0
525,0
526,0
527,0
528,0
529,0
530,0
531,0
532,0
533,0
534,0
535,0
536,0
537,0
538,0
539,0
540,0
541,0
542,0
543,0
544,0
545,0
546,0
547,0
548,0
549,0
550,0
551,0
552,0
553,0
554,0
555,0
556,0
557,0
558,0
559,0
560,0
561,0
562,0
563,0
564,0
565,0
566,0
567,0
568,0
569,0
570,0
571,0
572,0
573,0
574,0
575,0
576,0
577,0
578,0
579,0
580,0
581,0
582,0
583,0
584,0
585,0
586,0
587,0
588,0
589,0
590,0
591,0
592,0
593,0
594,0
595,0
596,0
597,0
598,0
599,0
600,0
601,0
602,0
603,0
604,0
605,0
606,0
607,0
608,0
609,0
610,0
611,0
612,0
613,0
614,0
615,0
616,0
617,0
618,0
619,0
620,0
621,0
622,0
623,0
624,0
625,0
626,0
627,0
628,0
629,0
630,0
631,0
632,0
633,0
634,0
635,0
636,0
637,0
638,0
639,0
640,0
641,0
642,0
643,0
644,0
645,0
646,0
647,0
648,0
649,0
650,0
651,0
652,0
653,0
654,0
655,0
656,0
657,0
658,0
659,0
660,0
661,0
662,0
663,0
664,0
665,0
666,0
667,0
668,0
669,0
670,0
671,0
672,0
673,0
674,0
675,0
676,0
677,0
678,0
679,0
680,0
681,0
682,0
683,0
684,0
685,0
686,0
687,0
688,0
689,0
690,0
691,0
692,0
693,0
694,0
695,0
696,0
697,0
698,0
699,0
700,0
701,0
702,0
703,0
704,0
705,0
706,0
707,0
708,0
709,0
710,0
711,0
712,0
713,0
714,0
715,0
716,0
717,0
718,0
719,0
720,0
721,0
722,0
723,0
724,0
725,0
726,0
727,0
728,0
729,0
730,0
731,0
732,0
733,0
734,0
735,0
736,0
737,0
738,0
739,0
740,0
741,0
742,0
743,0
744,0
745,0
746,0
747,0
748,0
749,0
750,0
751,0
752,0
753,0
754,0
755,0
756,0
757,0
758,0
759,0
760,0
761,0
762,0
763,0
764,0
765,0
766,0
767,0
768,0
769,0
770,0
771,0
772,0
773,0
774,0
775,0
776,0
777,0
778,0
779,0
780,0
781,0
782,0
783,0
784,0
785,0
786,0
787,0
788,0
789,0
790,0
791,0
792,0
793,0
794,0
795,0
796,0
797,0
798,0
799,0
800,0
801,0
802,0
803,0
804,0
805,0
806,0
807,0
808,0
809,0
810,0
811,0
812,0
813,0
814,0
815,0
816,0
817,0
818,0
819,0
820,0
821,0
822,0
823,0
824,0
825,0
826,0
827,0
828,0
829,0
830,0
831,0
832,0
833,0
834,0
835,0
836,0
837,0
838,0
839,0
840,0
841,0
842,0
843,0
844,0
845,0
846,0
847,0
848,0
849,0
850,0
851,0
852,0
853,0
854,0
855,2
856,2
857,2
858,2
859,2
860,9
861,9
862,9
863,10
864,10
865,10
866,10
867,10
868,10
869,10
870,10
871,10
872,10
873,10
874,10
875,10
876,10
877,10
878,10
879,10
880,10
881,10
882,10
883,11
884,11
885,11
886,11
887,12
888,13
889,15
890,15
891,16
892,16
893,16
894,36
895,38
896,38
897,39
898,39
899,40
900,40
901,44
902,45
903,46
904,47
905,47
906,47
907,47
908,48
909,50
910,54
911,55
912,56
913,57
914,61
915,62
916,62
917,63
918,64
919,65
920,67
921,68
922,68
923,70
924,71
925,71
926,71
927,71
928,70
929,70
930,70
931,70
932,70
933,67
934,65
935,68
936,68
937,68
938,69
939,80
940,80
941,80
942,81
943,82
944,84
945,84
946,85
947,84
948,90
949,91
950,91
951,89
952,89
953,94
954,93
955,92
956,96
957,96
958,97
959,99
960,98
961,99
962,96
963,96
964,97
965,99
966,100
967,103
968,105
969,105
970,108
971,113
972,115
973,114
974,116
975,116
976,115
977,115
978,115
979,116
980,116
981,117
982,116
983,115
984,115
985,114
986,110
987,110
988,109
989,109
990,107
991,107
992,107
993,104
994,103
995,98
996,96
997,95
998,94
999,88
1000,86
1001,83
1002,83
1003,83
1004,81
1005,81
1006,81
1007,81
1008,80
1009,77
1010,77
1011,76
1012,75
1013,71
1014,70
1015,70
1016,69
1017,69
1018,68
1019,66
1020,65
1021,65
1022,64
1023,64
1024,64
1025,59
1026,58
1027,55
1028,55
1029,44
1030,44
1031,44
1032,44
1033,44
1034,27
1035,27
1036,27
1037,27
1038,27
1039,27
1040,27
1041,27
1042,27
1043,27
1044,24
1045,24
1046,24
1047,24
1048,24
1049,24
1050,22
1051,21
1052,19
1053,19
1054,19
1055,19
1056,19
1057,11
1058,9
1059,9
1060,9
1061,9
1062,5
1063,5
1064,5
1065,5
1066,0
1067,0
1068,0
1069,0
1070,0
1071,0
1072,0
1073,0
1074,0
1075,0
1076,0
1077,0
1078,0
1079,0
1080,0
1081,0
1082,0
1083,0
1084,0
1085,0
1086,0
1087,0
1088,0
1089,0
1090,0
1091,0
1092,0
1093,0
1094,0
1095,0
1096,0
1097,0
1098,0
1099,0
1100,0
1101,0
1102,0
1103,0
1104,0
1105,0
1106,0
1107,0
1108,0
1109,0
1110,0
1111,0
1112,0
1113,0
1114,0
1115,0
1116,0
1117,0
1118,0
1119,0
1120,0
1121,0
1122,0
1123,0
1124,0
1125,0
1126,0
1127,0
1128,0
1129,0
1130,0
1131,0
1132,0
1133,0
1134,0
1135,0
1136,0
1137,0
1138,0
1139,0
1140,0
1141,0
1142,0
1143,0
1144,0
1145,0
1146,0
1147,0
1148,0
1149,0
1150,0
1151,0
1152,0
1153,0
1154,0
1155,0
1156,0
1157,0
1158,0
1159,0
1160,0
1161,0
1162,0
1163,0
1164,0
1165,0
1166,0
1167,0
1168,0
1169,0
1170,0
1171,0
1172,0
1173,0
1174,0
1175,0
1176,0
1177,0
1178,0
1179,0
1180,0
1181,0
1182,0
1183,0
1184,1
1185,1
1186,1
1187,1
1188,1
1189,1
1190,1
1191,1
1192,1
1193,1
1194,1
1195,1
1196,1
1197,1
1198,1
1199,1
1200,1
1201,15
1202,15
1203,15
1204,15
1205,15
1206,15
1207,15
1208,15
1209,16
1210,21
1211,22
1212,22
1213,22
1214,22
1215,24
1216,24
1217,74
1218,75
1219,75
1220,76
1221,83
1222,83
1223,84
1224,85
1225,85
1226,86
1227,88
1228,89
1229,90
1230,91
1231,92
1232,94
1233,95
1234,95
1235,95
1236,95
1237,95
1238,95
1239,95
1240,96
1241,96
1242,97
1243,97
1244,97
1245,96
1246,95
1247,95
1248,96
1249,95
1250,91
1251,91
1252,91
1253,83
1254,83
1255,82
1256,79
1257,79
1258,78
1259,78
1260,75
1261,74
1262,71
1263,69
1264,69
1265,69
1266,69
1267,68
1268,68
1269,68
1270,68
1271,68
1272,68
1273,68
1274,68
1275,62
1276,62
1277,62
1278,62
1279,60
1280,57
1281,55
1282,17
1283,17
1284,17
1285,17
1286,17
1287,17
1288,17
1289,17
1290,17
1291,17
1292,17
1293,17
1294,17
1295,19
1296,19
1297,19
1298,19
1299,19
1300,19
1301,20
1302,20
1303,21
1304,21
1305,21
1306,21
1307,21
1308,21
1309,21
1310,21
1311,21
1312,21
1313,21
1314,21
1315,21
1316,21
1317,21
1318,21
1319,21
1320,20
1321,20
1322,20
1323,20
1324,20
1325,19
1326,19
1327,18
1328,18
1329,18
1330,17
1331,13
1332,13
1333,13
1334,13
1335,12
1336,10
1337,9
1338,9
1339,9
1340,9
1341,7
1342,7
1343,7
1344,7
1345,2
1346,2
1347,2
1348,2
1349,2
1350,2
1351,2
1352,12
1353,12
1354,12
1355,12
1356,12
1357,12
1358,12
1359,12
1360,12
1361,12
1362,12
1363,12
1364,12
1365,12
1366,12
1367,12
1368,12
1369,12
1370,12
1371,12
1372,12
1373,12
1374,12
1375,12
1376,12
1377,12
1378,12
1379,12
1380,12
1381,12
1382,12
1383,12
1384,12
1385,12
1386,12
1387,12
1388,12
1389,12
1390,12
1391,12
1392,11
1393,10
1394,10
1395,10
1396,10
1397,6
1398,5
1399,5
1400,5
1401,5
1402,5
1403,5
1404,5
1405,6
1406,6
1407,6
1408,6
1409,6
1410,6
1411,6
1412,6
1413,6
1414,6
1415,6
1416,6
1417,6
1418,6
1419,6
1420,6
1421,4
1422,4
1423,4
1424,4
1425,4
1426,4
1427,4
1428,4
1429,4
1430,4
1431,4
1432,4
1433,4
1434,4
1435,4
1436,3
1437,3
1438,3
1439,2
1440,2
1441,2
1442,3
1443,3
1444,3
1445,3
1446,3
1447,2
1448,1
1449,1
1450,1
1451,1
1452,1
1453,1
1454,1
1455,1
1456,1
1457,1
1458,2
1459,2
1460,3
1461,3
1462,3
1463,3
1464,3
1465,3
1466,3
1467,3
1468,3
1469,3
1470,3
1471,3
1472,3
1473,3
1474,3
1475,3
1476,3
1477,3
1478,3
1479,3
1480,3
1481,3
1482,3
1483,3
1484,3
1485,3
1486,8
1487,13
1488,13
1489,14
1490,15
1491,15
1492,16
1493,16
1494,16
1495,16
1496,16
1497,16
1498,17
1499,17
1500,17
1501,20
1502,20
1503,22
1504,23
1505,23
1506,23
1507,23
1508,23
1509,23
1510,23
1511,23
1512,24
1513,24
1514,24
1515,30
1516,32
1517,34
1518,34
1519,34
1520,34
1521,34
1522,35
1523,37
1524,42
1525,44
1526,47
1527,50
1528,50
1529,50
1530,52
1531,52
1532,52
1533,52
1534,52
1535,50
1536,50
1537,50
1538,57
1539,59
1540,59
1541,60
1542,60
1543,61
1544,62
1545,65
1546,65
1547,65
1548,66
1549,66
1550,65
1551,65
1552,66
1553,66
1554,66
1555,66
1556,66
1557,66
1558,66
1559,60
1560,60
1561,60
1562,68
1563,70
1564,72
1565,71
1566,71
1567,72
1568,75
1569,74
1570,73
1571,79
1572,79
1573,80
1574,80
1575,81
1576,81
1577,81
1578,83
1579,83
1580,83
1581,85
1582,86
1583,87
1584,88
1585,88
1586,88
1587,89
1588,88
1589,88
1590,88
1591,84
1592,84
1593,83
1594,83
1595,82
1596,82
1597,78
1598,78
1599,75
1600,75
1601,75
1602,75
1603,76
1604,77
1605,77
1606,74
1607,74
1608,74
1609,73
1610,73
1611,73
1612,73
1613,71
1614,71
1615,72
1616,72
1617,72
1618,72
1619,71
1620,68
1621,68
1622,68
1623,68
1624,60
1625,60
1626,60
1627,60
1628,59
1629,56
1630,46
1631,46
1632,46
1633,46
1634,46
1635,46
1636,46
1637,44
1638,44
1639,46
1640,48
1641,48
1642,47
1643,47
1644,47
1645,46
1646,46
1647,46
1648,46
1649,45
1650,45
1651,45
1652,44
1653,44
1654,20
1655,20
1656,20
1657,20
1658,19
1659,19
1660,17
1661,17
1662,11
1663,11
1664,11
1665,11
1666,11
1667,10
1668,10
1669,10
1670,10
1671,10
1672,10
1673,9
1674,9
1675,9
1676,20
1677,22
1678,22
1679,23
1680,24
1681,24
1682,24
1683,24
1684,24
1685,25
1686,25
1687,25
1688,25
1689,25
1690,26
1691,28
1692,28
1693,30
1694,31
1695,31
1696,31
1697,32
1698,33
1699,33
1700,33
1701,33
1702,33
1703,33
1704,31
1705,31
1706,31
1707,31
1708,31
1709,31
1710,30
1711,30
1712,30
1713,30
1714,30
1715,28
1716,28
1717,28
1718,28
1719,28
1720,28
1721,27
1722,27
1723,27
1724,27
1725,26
1726,26
1727,26
1728,26
1729,26
1730,25
1731,21
1732,21
1733,21
1734,21
1735,21
1736,21
1737,21
1738,21
1739,9
1740,9
1741,9
1742,9
1743,9
1744,9
1745,9
1746,9
1747,9
1748,9
1749,9
1750,9
1751,9
1752,9
1753,9
1754,9
1755,9
1756,9
1757,9
1758,9
1759,9
1760,9
1761,9
1762,9
1763,9
1764,9
1765,9
1766,9
1767,6
1768,6
1769,6
1770,6
1771,6
1772,6
1773,6
1774,6
1775,4
1776,1
1777,1
1778,1
1779,1
1780,1
1781,1
1782,1
1783,1
1784,1
1785,1
1786,1
1787,1
1788,1
1789,1
1790,1
1791,1
1792,1
1793,1
1794,0
1795,0
1796,0
1797,0
1798,0
1799,0
1800,0
1801,0
1802,0
1803,0
1804,0
1805,0
1806,0
1807,0
1808,0
1809,0
1810,0
1811,0
1812,0
1813,0
1814,0
1815,0
1816,0
1817,0
1818,0
1819,1
1820,1
1821,1
1822,1
1823,2
1824,2
1825,2
1826,2
1827,3
1828,12
1829,16
1830,21
1831,31
1832,31
1833,32
1834,32
1835,32
1836,32
1837,32
1838,34
1839,34
1840,34
1841,34
1842,34
1843,34
1844,34
1845,34
1846,34
1847,34
1848,34
1849,34
1850,34
1851,34
1852,34
1853,34
1854,34
1855,33
1856,29
1857,28
1858,26
1859,9
1860,4
1861,2
1862,2
1863,2
1864,2
1865,2
1866,2
1867,2
1868,2
1869,2
1870,2
1871,2
1872,2
1873,2
1874,2
1875,2
1876,2
1877,2
1878,2
1879,2
1880,2
1881,2
1882,2
1883,2
1884,2
1885,2
1886,2
1887,2
1888,2
1889,2
1890,2
1891,2
1892,2
1893,2
1894,2
1895,2
1896,2
1897,2
1898,1
1899,1
1900,1
1901,1
1902,1
1903,1
1904,1
1905,1
1906,1
1907,1
1908,1
1909,1
1910,1
1911,1
1912,1
1913,1
1914,1
1915,1
1916,1
1917,1
1918,0
1919,0
1920,0
1921,0
1922,0
1923,0
1924,0
1925,0
1926,0
1927,0
1928,0
1929,0
1930,0
1931,0
1932,0
1933,0
1934,0
1935,0
1936,0
1937,0
1938,0
1939,0
1940,0
1941,0
1942,0
1943,0
1944,0
1945,0
1946,0
1947,0
1948,0
1949,0
1950,0
1951,0
1952,0
1953,0
1954,0
1955,0
1956,0
1957,0
1958,0
1959,3
1960,3
1961,3
1962,3
1963,3
1964,4
1965,4
1966,4
1967,4
1968,4
1969,4
1970,4
1971,5
1972,5
1973,5
1974,5
1975,5
1976,5
1977,5
1978,5
1979,5
1980,5
1981,5
1982,5
1983,5
1984,5
1985,5
1986,6
1987,6
1988,6
1989,6
1990,7
1991,7
1992,7
1993,7
1994,8
1995,8
1996,8
1997,10
1998,11
1999,11
2000,11
2001,13
2002,13
2003,13
2004,13
2005,13
2006,13
2007,13
2008,13
2009,13
2010,13
2011,13
2012,13
2013,13
2014,13
2015,13
2016,13
2017,13
2018,13
2019,13
2020,13
2021,13
2022,13
2023,13
2024,13
2025,13
2026,13
2027,13
2028,13
2029,13
2030,11
2031,11
2032,11
2033,11
2034,10
2035,10
2036,10
2037,10
2038,10
2039,10
2040,10
2041,10
2042,10
2043,10
2044,10
2045,10
2046,10
2047,10
2048,10
2049,10
2050,10
2051,10
2052,10
2053,10
2054,8
2055,7
2056,7
2057,7
2058,6
2059,6
2060,6
2061,6
2062,6
2063,6
2064,7
2065,7
2066,7
2067,7
2068,7
2069,7
2070,7
2071,7
2072,7
2073,7
2074,7
2075,7
2076,7
2077,7
2078,7
2079,7
2080,7
2081,7
2082,7
2083,7
2084,7
2085,7
2086,7
2087,7
2088,7
2089,7
2090,6
2091,6
2092,6
2093,6
2094,4
2095,4
2096,4
2097,4
2098,3
2099,1
2100,1
2101,1
2102,1
2103,1
2104,1
2105,1
2106,1
2107,1
2108,1
2109,1
2110,1
2111,1
2112,1
2113,1
2114,1
2115,1
2116,1
2117,1
2118,1
2119,1
2120,1
2121,1
2122,1
2123,1
2124,0
2125,0
2126,0
2127,0
2128,0
2129,0
2130,0
2131,0
2132,0
2133,0
2134,0
2135,0
2136,0
2137,0
2138,0
2139,0
2140,0
2141,0
2142,0
2143,0
2144,0
2145,0
2146,0
2147,0
2148,0
2149,0
2150,0
2151,0
2152,0
2153,0
2154,0
2155,0
2156,0
2157,0
2158,0
2159,0
2160,0
2161,0
2162,0
2163,0
2164,0
2165,0
2166,0
2167,0
2168,0
2169,0
2170,0
2171,0
2172,0
2173,0
2174,0
2175,0
2176,0
2177,0
2178,0
2179,0
2180,0
2181,0
2182,0
2183,0
2184,0
2185,0
2186,0
2187,0
2188,0
2189,0
2190,0
2191,0
2192,0
2193,0
2194,0
2195,0
2196,0
2197,0
2198,0
2199,0
2200,0
2201,0
2202,0
2203,0
2204,0
2205,0
2206,0
2207,0
2208,0
2209,0
2210,0
2211,0
2212,0
2213,0
2214,0
2215,0
2216,0
2217,0
2218,0
2219,0
2220,0
2221,0
2222,0
2223,0
2224,0
2225,0
2226,0
2227,0
2228,0
2229,0
2230,0
2231,0
2232,0
2233,0
2234,0
2235,0
2236,0
2237,0
2238,0
2239,0
2240,0
2241,0
2242,0
2243,0
2244,0
2245,0
2246,0
2247,0
2248,0
2249,0
2250,0
2251,0
2252,0
2253,0
2254,0
2255,0
2256,0
2257,0
2258,0
2259,0
2260,0
2261,0
2262,0
2263,0
2264,0
2265,0
2266,0
2267,0
2268,0
2269,0
2270,0
2271,0
2272,0
2273,3
2274,3
2275,3
2276,3
2277,3
2278,3
2279,3
2280,3
2281,3
2282,3
2283,3
2284,3
2285,3
2286,3
2287,3
2288,3
2289,3
2290,3
2291,3
2292,3
2293,3
2294,3
2295,3
2296,3
2297,3
2298,3
2299,3
2300,6
2301,6
2302,6
2303,6
2304,7
2305,7
2306,7
2307,7
2308,7
2309,7
2310,7
2311,7
2312,7
2313,7
2314,7
2315,7
2316,7
2317,7
2318,7
2319,7
2320,7
2321,7
2322,7
2323,13
2324,15
2325,15
2326,15
2327,15
2328,15
2329,15
2330,15
2331,15
2332,15
2333,15
2334,15
2335,15
2336,15
2337,15
2338,15
2339,15
2340,15
2341,15
2342,15
2343,15
2344,15
2345,15
2346,15
2347,15
2348,15
2349,15
2350,15
2351,15
2352,15
2353,15
2354,15
2355,15
2356,14
2357,14
2358,10
2359,10
2360,10
2361,10
2362,10
2363,10
2364,10
2365,10
2366,10
2367,10
2368,10
2369,10
2370,10
2371,10
2372,10
2373,10
2374,10
2375,9
2376,9
2377,9
2378,8
2379,0
2380,0
2381,0
2382,0
2383,0
2384,0
2385,0
2386,0
2387,0
2388,0
2389,0
2390,0
2391,0
2392,0
2393,0
2394,0
2395,0
2396,0
2397,0
2398,0
2399,1
2400,2
2401,2
2402,2
2403,2
2404,2
2405,2
2406,2
2407,2
2408,2
2409,2
2410,2
2411,2
2412,2
2413,4
2414,4
2415,4
2416,4
2417,4
2418,4
2419,4
2420,4
2421,4
2422,4
2423,4
2424,4
2425,4
2426,4
2427,4
2428,4
2429,4
2430,4
2431,4
2432,4
2433,4
2434,4
2435,6
2436,6
2437,6
2438,6
2439,5
2440,5
2441,5
2442,5
2443,5
2444,5
2445,5
2446,5
2447,5
2448,5
2449,5
2450,5
2451,5
2452,5
2453,5
2454,5
2455,5
2456,5
2457,5
2458,5
2459,5
2460,5
2461,5
2462,5
2463,5
2464,5
2465,5
2466,5
2467,5
2468,5
2469,5
2470,5
2471,5
2472,5
2473,3
2474,3
2475,3
2476,3
2477,3
2478,3
2479,3
2480,3
2481,3
2482,3
2483,3
2484,3
2485,3
2486,3
2487,3
2488,2
2489,0
2490,0
2491,0
2492,0
2493,0
2494,0
2495,0
2496,0
2497,0
2498,0
2499,0
2500,0
2501,0
2502,0
2503,0
2504,0
2505,0
2506,0
2507,0
2508,0
2509,0
2510,0
2511,0
2512,0
2513,0
2514,0
2515,0
2516,0
2517,0
2518,0
2519,0
2520,0
2521,0
2522,0
2523,0
2524,0
2525,0
2526,0
2527,0
2528,0
2529,0
2530,0
2531,0
2532,0
2533,0
2534,0
2535,0
2536,0
2537,0
2538,0
2539,0
2540,0
2541,0
2542,0
2543,0
2544,0
2545,0
2546,0
2547,0
2548,0
2549,0
2550,0
2551,0
2552,0
2553,0
2554,0
2555,0
2556,0
2557,0
2558,0
2559,0
2560,0
2561,0
2562,0
2563,0
2564,0
2565,0
2566,0
2567,0
2568,0
2569,0
2570,0
2571,0
2572,0
2573,0
2574,0
2575,0
2576,0
2577,0
2578,0
2579,0
2580,0
2581,0
2582,0
2583,0
2584,0
2585,0
2586,0
2587,0
2588,0
2589,0
2590,0
2591,0
2592,0
2593,0
2594,0
2595,0
2596,0
2597,0
2598,0
2599,0
2600,0
2601,0
2602,0
2603,0
2604,0
2605,0
2606,0
2607,0
2608,0
2609,0
2610,0
2611,0
2612,0
2613,0
2614,0
2615,0
2616,0
2617,0
2618,0
2619,0
2620,0
2621,0
2622,0
2623,0
2624,0
2625,0
2626,0
2627,0
2628,0
2629,0
2630,0
2631,0
2632,0
2633,0
2634,0
2635,0
2636,0
2637,0
2638,0
2639,0
2640,0
2641,0
2642,0
2643,0
2644,0
2645,0
2646,0
2647,0
2648,0
2649,0
2650,0
2651,0
2652,0
2653,0
2654,0
2655,0
2656,7
2657,7
2658,7
2659,7
2660,7
2661,7
2662,7
2663,7
2664,7
2665,7
2666,7
2667,7
2668,7
2669,7
2670,7
2671,7
2672,7
2673,7
2674,7
2675,7
2676,7
2677,7
2678,7
2679,7
2680,7
2681,7
2682,7
2683,7
2684,7
2685,7
2686,7
2687,9
2688,9
2689,9
2690,10
2691,10
2692,10
2693,10
2694,10
2695,10
2696,10
2697,10
2698,10
2699,10
2700,10
2701,10
2702,10
2703,10
2704,10
2705,10
2706,10
2707,10
2708,10
2709,10
2710,10
2711,10
2712,10
2713,9
2714,7
2715,7
2716,7
2717,7
2718,7
2719,7
2720,7
2721,7
2722,7
2723,7
2724,7
2725,7
2726,7
2727,7
2728,7
2729,7
2730,7
2731,7
2732,7
2733,7
2734,7
2735,7
2736,7
2737,7
2738,7
2739,7
2740,6
2741,6
2742,6
2743,6
2744,6
2745,6
2746,5
2747,5
2748,4
2749,3
2750,3
2751,3
2752,3
2753,3
2754,3
2755,3
2756,3
2757,3
2758,3
2759,3
2760,3
2761,3
2762,3
2763,3
2764,3
2765,3
2766,1
2767,1
2768,1
2769,1
2770,1
2771,1
2772,1
2773,1
2774,1
2775,1
2776,1
2777,1
2778,1
2779,1
2780,1
2781,1
2782,1
2783,1
2784,1
2785,1
2786,1
2787,1
2788,1
2789,0
2790,0
2791,0
2792,0
2793,0
2794,0
2795,0
2796,0
2797,0
2798,0
2799,0
2800,0
2801,0
2802,0
2803,0
2804,0
2805,0
2806,0
2807,0
2808,0
2809,0
2810,0
2811,0
2812,0
2813,0
2814,0
2815,0
2816,0
2817,0
2818,0
2819,0
2820,0
2821,0
2822,0
2823,0
2824,0
2825,0
2826,0
2827,0
2828,0
2829,0
2830,0
2831,0
2832,0
2833,0
2834,0
2835,0
2836,0
2837,0
2838,0
2839,0
2840,0
2841,0
2842,0
2843,0
2844,0
2845,0
2846,0
2847,0
2848,0
2849,0
2850,0
2851,0
2852,0
2853,0
2854,0
2855,0
2856,0
2857,0
2858,0
2859,0
2860,0
2861,0
2862,0
2863,0
2864,0
2865,0
2866,0
2867,0
2868,0
2869,0
2870,0
2871,0
2872,0
2873,0
2874,0
2875,0
2876,0
2877,0
2878,0
2879,0
2880,0
2881,0
2882,0
2883,0
2884,0
2885,0
2886,0
2887,0
2888,0
2889,0
2890,0
2891,0
2892,0
2893,0
2894,0
2895,0
2896,0
2897,0
2898,0
2899,0
2900,0
2901,0
2902,0
2903,0
2904,0
2905,0
2906,0
2907,0
2908,0
2909,0
2910,0
2911,0
2912,0
2913,0
2914,0
2915,0
2916,0
2917,0
2918,0
2919,0
2920,0
2921,0
2922,0
2923,0
2924,0
2925,0
2926,0
2927,0
2928,0
2929,0
2930,0
2931,0
2932,0
2933,0
2934,0
2935,0
2936,0
2937,0
2938,0
2939,0
2940,0
2941,0
2942,0
2943,0
2944,0
2945,0
2946,0
2947,0
2948,0
2949,0
2950,0
2951,0
2952,0
2953,0
2954,0
2955,0
2956,0
2957,0
2958,0
2959,0
2960,0
2961,0
2962,0
2963,0
2964,0
2965,0
2966,0
2967,0
2968,0
2969,0
2970,0
2971,0
2972,0
2973,0
2974,0
2975,0
2976,0
2977,0
2978,0
2979,0
2980,0
2981,0
2982,0
2983,0
2984,0
2985,0
2986,0
2987,0
2988,0
2989,0
2990,0
2991,0
2992,0
2993,0
2994,0
2995,0
2996,0
2997,0
2998,0
2999,0
3000,0
3001,0
3002,0
3003,0
3004,0
3005,0
3006,0
3007,0
3008,0
3009,0
3010,0
3011,0
3012,0
3013,0
3014,0
3015,0
3016,0
3017,0
3018,0
3019,0
3020,0
3021,0
3022,0
3023,0
3024,0
3025,0
3026,0
3027,0
3028,0
3029,0
3030,0
3031,0
3032,0
3033,0
3034,0
3035,0
3036,0
3037,2
3038,17
3039,17
3040,17
3041,17
3042,18
3043,19
3044,20
3045,20
3046,20
3047,20
3048,20
3049,20
3050,20
3051,20
3052,20
3053,21
3054,21
3055,21
3056,21
3057,21
3058,21
3059,21
3060,21
3061,21
3062,21
3063,21
3064,21
3065,21
3066,21
3067,21
3068,21
3069,21
3070,21
3071,21
3072,21
3073,21
3074,21
3075,21
3076,19
3077,19
3078,19
3079,19
3080,19
3081,18
3082,18
3083,18
3084,18
3085,18
3086,18
3087,18
3088,18
3089,18
3090,17
3091,17
3092,17
3093,16
3094,16
3095,16
3096,15
3097,15
3098,15
3099,15
3100,15
3101,14
3102,13
3103,13
3104,12
3105,11
3106,11
3107,11
3108,11
3109,11
3110,11
3111,10
3112,9
3113,9
3114,8
3115,8
3116,8
3117,7
3118,7
3119,7
3120,7
3121,7
3122,6
3123,4
3124,4
3125,4
3126,4
3127,4
3128,4
3129,4
3130,3
3131,3
3132,3
3133,3
3134,3
3135,3
3136,3
3137,3
3138,3
3139,3
3140,0
3141,0
3142,0
3143,0
3144,6
3145,6
3146,6
3147,6
3148,6
3149,6
3150,8
3151,8
3152,8
3153,8
3154,8
3155,8
3156,10
3157,10
3158,10
3159,11
3160,11
3161,11
3162,11
3163,11
3164,11
3165,11
3166,11
3167,11
3168,12
3169,12
3170,12
3171,12
3172,12
3173,12
3174,12
3175,12
3176,12
3177,12
3178,14
3179,14
3180,14
3181,14
3182,14
3183,14
3184,14
3185,14
3186,14
3187,18
3188,18
3189,18
3190,18
3191,18
3192,18
3193,18
3194,18
3195,18
3196,18
3197,18
3198,18
3199,18
3200,18
3201,18
3202,18
3203,18
3204,16
3205,16
3206,16
3207,16
3208,16
3209,16
3210,21
3211,22
3212,22
3213,23
3214,84
3215,88
3216,101
3217,106
3218,108
3219,112
3220,113
3221,116
3222,118
3223,121
3224,121
3225,122
3226,124
3227,125
3228,126
3229,125
3230,124
3231,124
3232,124
3233,124
3234,124
3235,124
3236,123
3237,123
3238,124
3239,124
3240,124
3241,124
3242,124
3243,118
3244,120
3245,120
3246,121
3247,121
3248,121
3249,121
3250,121
3251,121
3252,121
3253,121
3254,121
3255,222
3256,231
3257,234
3258,238
3259,239
3260,243
3261,243
3262,243
3263,243
3264,253
3265,253
3266,253
3267,251
3268,256
3269,259
3270,259
3271,258
3272,255
3273,262
3274,306
3275,309
3276,312
3277,312
3278,312
3279,313
3280,315
3281,315
3282,314
3283,313
3284,312
3285,311
3286,287
3287,287
3288,287
3289,288
3290,289
3291,289
3292,289
3293,288
3294,288
3295,318
3296,323
3297,336
3298,342
3299,344
3300,353
3301,345
3302,341
3303,345
3304,343
3305,340
3306,335
3307,336
3308,337
3309,333
3310,332
3311,327
3312,322
3313,320
3314,304
3315,311
3316,313
3317,315
3318,314
3319,312
3320,307
3321,307
3322,305
3323,279
3324,278
3325,287
3326,287
3327,291
3328,291
3329,291
3330,281
3331,288
3332,289
3333,296
3334,298
3335,299
3336,300
3337,299
3338,289
3339,286
3340,273
3341,272
3342,272
3343,262
3344,261
3345,261
3346,256
3347,255
3348,249
3349,249
3350,237
3351,236
3352,230
3353,226
3354,219
3355,184
3356,183
3357,183
3358,182
3359,182
3360,182
3361,181
3362,176
3363,164
3364,163
3365,158
3366,107
3367,107
3368,106
3369,106
3370,99
3371,99
3372,99
3373,99
3374,99
3375,93
3376,93
3377,90
3378,86
3379,86
3380,86
3381,86
3382,80
3383,74
3384,74
3385,74
3386,72
3387,71
3388,71
3389,64
3390,63
3391,60
3392,60
3393,60
3394,60
3395,59
3396,57
3397,55
3398,52
3399,50
3400,48
3401,26
3402,26
3403,26
3404,24
3405,24
3406,24
3407,24
3408,24
3409,24
3410,24
3411,22
3412,1
3413,1
3414,1
3415,1
3416,1
3417,0
3418,0
3419,0
3420,0
3421,0
3422,0
3423,0
3424,0
3425,0
3426,0
3427,0
3428,0
3429,0
3430,0
3431,0
3432,0
3433,0
3434,0
3435,0
3436,0
3437,0
3438,0
3439,0
3440,0
3441,0
3442,0
3443,0
3444,0
3445,0
3446,0
3447,0
3448,0
3449,0
3450,0
3451,0
3452,0
3453,0
3454,0
3455,0
3456,0
3457,0
3458,0
3459,0
3460,0
3461,0
3462,0
3463,0
3464,0
3465,0
3466,0
3467,0
3468,0
3469,0
3470,0
3471,0
3472,0
3473,0
3474,0
3475,0
3476,0
3477,0
3478,0
3479,0
3480,0
3481,0
3482,0
3483,0
3484,0
3485,0
3486,0
3487,0
3488,0
3489,0
3490,0
3491,0
3492,0
3493,0
3494,0
3495,0
3496,0
3497,0
3498,0
3499,0
3500,32
3501,42
3502,54
3503,57
3504,62
3505,63
3506,64
3507,66
3508,69
3509,70
3510,70
3511,70
3512,70
3513,79
3514,80
3515,82
3516,86
3517,88
3518,90
3519,92
3520,93
3521,93
3522,94
3523,94
3524,94
3525,94
3526,94
3527,94
3528,100
3529,100
3530,100
3531,100
3532,100
3533,100
3534,100
3535,103
3536,103
3537,142
3538,146
3539,149
3540,152
3541,157
3542,158
3543,158
3544,158
3545,159
3546,159
3547,160
3548,161
3549,160
3550,160
3551,160
3552,160
3553,160
3554,160
3555,160
3556,160
3557,187
3558,188
3559,190
3560,190
3561,192
3562,193
3563,198
3564,199
3565,200
3566,202
3567,203
3568,201
3569,208
3570,210
3571,213
3572,219
3573,220
3574,220
3575,220
3576,220
3577,215
3578,217
3579,218
3580,218
3581,221
3582,222
3583,221
3584,250
3585,249
3586,253
3587,255
3588,254
3589,246
3590,237
3591,255
3592,257
3593,259
3594,258
3595,259
3596,268
3597,270
3598,269
3599,277
3600,278
3601,261
3602,261
3603,261
3604,255
3605,264
3606,266
3607,272
3608,276
3609,272
3610,265
3611,266
3612,266
3613,261
3614,261
3615,257
3616,255
3617,253
3618,248
3619,243
3620,236
3621,235
3622,231
3623,174
3624,169
3625,169
3626,169
3627,169
3628,174
3629,208
3630,210
3631,220
3632,221
3633,223
3634,223
3635,223
3636,223
3637,260
3638,271
3639,274
3640,279
3641,289
3642,289
3643,353
3644,360
3645,365
3646,367
3647,377
3648,387
3649,390
3650,396
3651,396
3652,397
3653,401
3654,406
3655,403
3656,405
3657,412
3658,412
3659,415
3660,415
3661,415
3662,415
3663,414
3664,412
3665,407
3666,404
3667,404
3668,404
3669,403
3670,397
3671,396
3672,394
3673,392
3674,388
3675,382
3676,381
3677,375
3678,370
3679,359
3680,354
3681,351
3682,341
3683,277
3684,277
3685,277
3686,277
3687,257
3688,257
3689,257
3690,257
3691,257
3692,257
3693,256
3694,248
3695,242
3696,240
3697,227
3698,227
3699,227
3700,227
3701,225
3702,222
3703,46
3704,41
3705,7
3706,6
3707,6
3708,6
3709,6
3710,6
3711,6
3712,6
3713,6
3714,6
3715,6
3716,6
3717,6
3718,6
3719,6
3720,6
3721,6
3722,6
3723,6
3724,6
3725,6
3726,6
3727,6
3728,6
3729,6
3730,6
3731,6
3732,6
3733,6
3734,6
3735,6
3736,6
3737,6
3738,6
3739,6
3740,6
3741,5
3742,5
3743,3
3744,1
3745,1
3746,1
3747,1
3748,1
3749,1
3750,1
3751,0
3752,0
3753,0
3754,0
3755,0
3756,0
3757,0
3758,0
3759,0
3760,0
3761,0
3762,0
3763,0
3764,0
3765,0
3766,0
3767,0
3768,0
3769,0
3770,0
3771,0
3772,0
3773,0
3774,0
3775,0
3776,0
3777,0
3778,0
3779,0
3780,0
3781,0
3782,0
3783,0
3784,0
3785,0
3786,0
3787,0
3788,0
3789,1
3790,1
3791,1
3792,1
3793,1
3794,1
3795,1
3796,1
3797,1
3798,1
3799,1
3800,1
3801,1
3802,1
3803,1
3804,1
3805,1
3806,1
3807,1
3808,1
3809,1
3810,1
3811,1
3812,1
3813,1
3814,2
3815,2
3816,2
3817,2
3818,2
3819,2
3820,2
3821,2
3822,2
3823,2
3824,2
3825,2
3826,2
3827,2
3828,2
3829,2
3830,2
3831,2
3832,2
3833,2
3834,2
3835,2
3836,2
3837,2
3838,2
3839,2
3840,2
3841,8
3842,17
3843,17
3844,17
3845,17
3846,17
3847,17
3848,17
3849,17
3850,50
3851,55
3852,58
3853,59
3854,62
3855,62
3856,62
3857,62
3858,62
3859,62
3860,62
3861,62
3862,80
3863,87
3864,93
3865,100
3866,103
3867,104
3868,106
3869,107
3870,107
3871,108
3872,108
3873,108
3874,108
3875,108
3876,108
3877,114
3878,122
3879,158
3880,162
3881,170
3882,179
3883,182
3884,184
3885,184
3886,186
3887,186
3888,186
3889,181
3890,185
3891,244
3892,251
3893,260
3894,264
3895,264
3896,269
3897,271
3898,272
3899,273
3900,271
3901,271
3902,271
3903,274
3904,274
3905,276
3906,276
3907,277
3908,277
3909,353
3910,362
3911,602
3912,618
3913,795
3914,837
3915,867
3916,891
3917,905
3918,919
3919,935
3920,939
3921,940
3922,941
3923,941
3924,944
3925,945
3926,947
3927,947
3928,947
3929,946
3930,946
3931,945
3932,944
3933,943
3934,937
3935,934
3936,932
3937,928
3938,925
3939,877
3940,877
3941,877
3942,874
3943,874
3944,876
3945,881
3946,881
3947,880
3948,878
3949,879
3950,879
3951,878
3952,872
3953,872
3954,869
3955,861
3956,857
3957,818
3958,818
3959,818
3960,824
3961,824
3962,824
3963,827
3964,827
3965,826
3966,825
3967,825
3968,825
3969,825
3970,822
3971,816
3972,816
3973,815
3974,810
3975,808
3976,796
3977,790
3978,783
3979,772
3980,763
3981,739
3982,176
3983,176
3984,176
3985,64
3986,60
3987,60
3988,60
3989,60
3990,60
3991,60
3992,60
3993,58
3994,58
3995,58
3996,57
3997,57
3998,57
3999,55
4000,49
4001,49
4002,48
4003,47
4004,21
4005,21
4006,19
4007,19
4008,19
4009,20
4010,20
4011,20
4012,21
4013,21
4014,21
4015,21
4016,20
4017,19
4018,18
4019,11
4020,10
4021,10
4022,10
4023,10
4024,10
4025,10
4026,10
4027,9
4028,9
4029,8
4030,6
4031,6
4032,6
4033,67
4034,74
4035,74
4036,78
4037,79
4038,79
4039,79
4040,79
4041,79
4042,79
4043,78
4044,79
4045,82
4046,85
4047,85
4048,85
4049,97
4050,97
4051,97
4052,97
4053,102
4054,103
4055,108
4056,109
4057,109
4058,110
4059,112
4060,113
4061,114
4062,114
4063,117
4064,118
4065,121
4066,121
4067,121
4068,121
4069,124
4070,125
4071,125
4072,125
4073,125
4074,125
4075,125
4076,125
4077,125
4078,125
4079,125
4080,124
4081,123
4082,123
4083,122
4084,121
4085,121
4086,121
4087,104
4088,103
4089,90
4090,90
4091,91
4092,91
4093,90
4094,92
4095,92
4096,94
4097,94
4098,94
4099,94
4100,94
4101,94
4102,94
4103,94
4104,85
4105,85
4106,85
4107,85
4108,88
4109,88
4110,88
4111,88
4112,88
4113,87
4114,83
4115,78
4116,81
4117,81
4118,81
4119,80
4120,79
4121,79
4122,78
4123,75
4124,72
4125,69
4126,69
4127,69
4128,70
4129,66
4130,63
4131,61
4132,59
4133,55
4134,53
4135,51
4136,53
4137,53
4138,53
4139,53
4140,50
4141,49
4142,49
4143,47
4144,45
4145,44
4146,43
4147,43
4148,41
4149,42
4150,42
4151,42
4152,40
4153,38
4154,25
4155,25
4156,25
4157,25
4158,25
4159,25
4160,26
4161,27
4162,27
4163,27
4164,27
4165,26
4166,25
4167,23
4168,23
4169,23
4170,23
4171,22
4172,22
4173,22
4174,22
4175,22
4176,20
4177,20
4178,23
4179,23
4180,23
4181,19
4182,19
4183,20
4184,20
4185,20
4186,21
4187,20
4188,21
4189,21
4190,21
4191,21
4192,21
4193,20
4194,21
4195,21
4196,21
4197,21
4198,21
4199,21
4200,18
4201,18
4202,20
4203,20
4204,24
4205,24
4206,25
4207,25
4208,28
4209,28
4210,28
4211,28
4212,26
4213,26
4214,26
4215,26
4216,26
4217,26
4218,26
4219,30
4220,30
4221,30
4222,30
4223,29
4224,28
4225,26
4226,26
4227,34
4228,34
4229,36
4230,36
4231,36
4232,39
4233,42
4234,42
4235,42
4236,41
4237,40
4238,42
4239,44
4240,44
4241,44
4242,44
4243,43
4244,44
4245,44
4246,45
4247,45
4248,45
4249,45
4250,40
4251,40
4252,40
4253,40
4254,40
4255,40
4256,40
4257,40
4258,40
4259,40
4260,40
4261,40
4262,40
4263,40
4264,67
4265,67
4266,71
4267,71
4268,71
4269,71
4270,71
4271,71
4272,71
4273,102
4274,126
4275,137
4276,149
4277,171
4278,184
4279,184
4280,189
4281,190
4282,190
4283,189
4284,225
4285,231
4286,236
4287,253
4288,254
4289,263
4290,271
4291,276
4292,275
4293,277
4294,278
4295,276
4296,276
4297,275
4298,268
4299,268
4300,268
4301,268
4302,274
4303,274
4304,275
4305,326
4306,327
4307,327
4308,328
4309,328
4310,328
4311,328
4312,328
4313,328
4314,315
4315,315
4316,315
4317,313
4318,313
4319,314
4320,314
4321,313
4322,313
4323,312
4324,311
4325,296
4326,634
4327,635
4328,638
4329,749
4330,750
4331,753
4332,764
4333,770
4334,771
4335,777
4336,779
4337,781
4338,783
4339,784
4340,781
4341,781
4342,781
4343,779
4344,787
4345,796
4346,798
4347,803
4348,803
4349,804
4350,806
4351,924
4352,933
4353,936
4354,937
4355,937
4356,985
4357,1002
4358,1020
4359,1040
4360,1063
4361,1070
4362,1079
4363,1090
4364,1097
4365,1138
4366,1146
4367,1149
4368,1163
4369,1174
4370,1184
4371,1189
4372,1182
4373,1175
4374,1157
4375,1146
4376,1125
4377,1099
4378,1074
4379,1047
4380,1018
4381,989
4382,972
4383,946
4384,922
4385,898
4386,868
4387,840
4388,819
4389,801
4390,775
4391,705
4392,705
4393,705
4394,705
4395,689
4396,663
4397,649
4398,448
4399,447
4400,447
4401,450
4402,453
4403,453
4404,453
4405,453
4406,453
4407,450
4408,450
4409,450
4410,457
4411,457
4412,458
4413,457
4414,457
4415,457
4416,459
4417,460
4418,458
4419,458
4420,455
4421,455
4422,453
4423,450
4424,447
4425,445
4426,426
4427,426
4428,427
4429,425
4430,412
4431,407
4432,358
4433,358
4434,368
4435,369
4436,369
4437,371
4438,368
4439,328
4440,329
4441,329
4442,323
4443,322
4444,312
4445,314
4446,313
4447,316
4448,315
4449,314
4450,305
4451,301
4452,291
4453,283
4454,271
4455,248
4456,241
4457,175
4458,174
4459,171
4460,163
4461,160
4462,145
4463,65
4464,65
4465,66
4466,67
4467,68
4468,69
4469,67
4470,65
4471,58
4472,58
4473,58
4474,56
4475,56
4476,55
4477,54
4478,54
4479,54
4480,54
4481,54
4482,54
4483,54
4484,44
4485,43
4486,39
4487,39
4488,33
4489,33
4490,33
4491,33
4492,33
4493,33
4494,33
4495,31
4496,31
4497,31
4498,31
4499,31
4500,31
4501,34
4502,34
4503,34
4504,34
4505,34
4506,34
4507,34
4508,34
4509,34
4510,34
4511,37
4512,37
4513,37
4514,37
4515,37
4516,36
4517,36
4518,37
4519,37
4520,38
4521,35
4522,35
4523,32
4524,31
4525,30
4526,30
4527,27
4528,22
4529,22
4530,22
4531,22
4532,22
4533,18
4534,18
4535,18
4536,18
4537,18
4538,18
4539,18
4540,24
4541,24
4542,24
4543,24
4544,24
4545,24
4546,28
4547,28
4548,28
4549,28
4550,39
4551,43
4552,44
4553,45
4554,46
4555,49
4556,53
4557,53
4558,53
4559,53
4560,53
4561,52
4562,52
4563,51
4564,51
4565,44
4566,44
4567,46
4568,46
4569,46
4570,46
4571,46
4572,47
4573,47
4574,47
4575,77
4576,79
4577,82
4578,85
4579,87
4580,89
4581,89
4582,89
4583,89
4584,89
4585,89
4586,89
4587,89
4588,104
4589,105
4590,105
4591,105
4592,104
4593,118
4594,120
4595,121
4596,121
4597,120
4598,137
4599,137
4600,137
4601,136
4602,143
4603,145
4604,145
4605,145
4606,143
4607,143
4608,143
4609,183
4610,185
4611,186
4612,193
4613,221
4614,227
4615,233
4616,236
4617,237
4618,237
4619,235
4620,243
4621,247
4622,247
4623,258
4624,260
4625,260
4626,260
4627,260
4628,259
4629,255
4630,256
4631,256
4632,258
4633,259
4634,259
4635,258
4636,256
4637,251
4638,251
4639,251
4640,251
4641,249
4642,244
4643,248
4644,248
4645,249
4646,248
4647,248
4648,248
4649,248
4650,245
4651,243
4652,215
4653,215
4654,215
4655,215
4656,216
4657,216
4658,216
4659,209
4660,209
4661,209
4662,211
4663,211
4664,211
4665,211
4666,197
4667,197
4668,199
4669,199
4670,199
4671,199
4672,200
4673,198
4674,200
4675,200
4676,200
4677,198
4678,198
4679,194
4680,191
4681,186
4682,138
4683,137
4684,137
4685,126
4686,124
4687,74
4688,74
4689,74
4690,74
4691,73
4692,72
4693,69
4694,40
4695,40
4696,41
4697,41
4698,49
4699,49
4700,49
4701,50
4702,58
4703,58
4704,58
4705,58
4706,57
4707,69
4708,69
4709,68
4710,69
4711,69
4712,66
4713,59
4714,62
4715,62
4716,61
4717,61
4718,59
4719,57
4720,48
4721,48
4722,47
4723,47
4724,46
4725,46
4726,46
4727,46
4728,46
4729,46
4730,51
4731,51
4732,51
4733,51
4734,50
4735,50
4736,48
4737,48
4738,48
4739,47
4740,47
4741,43
4742,43
4743,43
4744,43
4745,43
4746,43
4747,47
4748,47
4749,47
4750,458
4751,470
4752,480
4753,501
4754,513
4755,516
4756,517
4757,519
4758,554
4759,564
4760,575
4761,577
4762,583
4763,589
4764,592
4765,592
4766,592
4767,591
4768,601
4769,605
4770,607
4771,609
4772,609
4773,610
4774,610
4775,610
4776,611
4777,612
4778,612
4779,616
4780,616
4781,617
4782,619
4783,619
4784,618
4785,619
4786,619
4787,602
4788,591
4789,591
4790,591
4791,591
4792,590
4793,585
4794,573
4795,572
4796,580
4797,585
4798,585
4799,586
4800,621
4801,626
4802,626
4803,626
4804,625
4805,621
4806,618
4807,618
4808,618
4809,634
4810,636
4811,637
4812,639
4813,639
4814,643
4815,643
4816,644
4817,642
4818,646
4819,646
4820,644
4821,636
4822,624
4823,620
4824,612
4825,596
4826,567
4827,547
4828,332
4829,332
4830,332
4831,302
4832,300
4833,300
4834,298
4835,302
4836,323
4837,325
4838,326
4839,335
4840,338
4841,338
4842,333
4843,296
4844,313
4845,323
4846,326
4847,327
4848,330
4849,318
4850,319
4851,318
4852,301
4853,291
4854,287
4855,276
4856,273
4857,263
4858,256
4859,215
4860,215
4861,215
4862,214
4863,216
4864,216
4865,215
4866,211
4867,200
4868,200
4869,199
4870,199
4871,196
4872,181
4873,181
4874,185
4875,185
4876,185
4877,185
4878,185
4879,183
4880,177
4881,177
4882,177
4883,177
4884,177
4885,143
4886,141
4887,140
4888,140
4889,151
4890,151
4891,171
4892,171
4893,171
4894,171
4895,220
4896,224
4897,362
4898,366
4899,371
4900,376
4901,377
4902,376
4903,376
4904,376
4905,388
4906,390
4907,406
4908,407
4909,430
4910,433
4911,443
4912,461
4913,469
4914,478
4915,476
4916,471
4917,475
4918,475
4919,473
4920,464
4921,482
4922,486
4923,502
4924,513
4925,598
4926,611
4927,631
4928,647
4929,647
4930,645
4931,639
4932,709
4933,726
4934,739
4935,755
4936,776
4937,791
4938,797
4939,796
4940,785
4941,776
4942,810
4943,821
4944,831
4945,824
4946,817
4947,798
4948,769
4949,771
4950,771
4951,767
4952,923
4953,945
4954,980
4955,1002
4956,1015
4957,1011
4958,995
4959,976
4960,1085
4961,1108
4962,1133
4963,1164
4964,1182
4965,1200
4966,1221
4967,1225
4968,1234
4969,1235
4970,1254
4971,1310
4972,1338
4973,1367
4974,1377
4975,1390
4976,1400
4977,1392
4978,1409
4979,1407
4980,1403
4981,1404
4982,1405
4983,1398
4984,1374
4985,1410
4986,1411
4987,1660
4988,1687
4989,1702
4990,1689
4991,1689
4992,1678
4993,1738
4994,1750
4995,1777
4996,1837
4997,1868
4998,1889
4999,1904
5000,1926
5001,1940
5002,1957
5003,1981
5004,1994
5005,2012
5006,2032
5007,2042
5008,2050
5009,2046
5010,2040
5011,2028
5012,2045
5013,2060
5014,2061
5015,2065
5016,2047
5017,2048
5018,2034
5019,2019
5020,2042
5021,2045
5022,2021
5023,2004
5024,2003
5025,1935
5026,1982
5027,2005
5028,2023
5029,2009
5030,1998
5031,1991
5032,1984
5033,1975
5034,1945
5035,1935
5036,1913
5037,1908
5038,1906
5039,1909
5040,1903
5041,1889
5042,1884
5043,1876
5044,1861
5045,1850
5046,1825
5047,1769
5048,1629
5049,1653
5050,1680
5051,1685
5052,1676
5053,1687
5054,1688
5055,1688
5056,1679
5057,1641
5058,1638
5059,1611
5060,1491
5061,1507
5062,1514
5063,1513
5064,1512
5065,1480
5066,1447
5067,1358
5068,1352
5069,1343
5070,1325
5071,1322
5072,1298
5073,1083
5074,1077
5075,1106
5076,1098
5077,1093
5078,1091
5079,1075
5080,1095
5081,1094
5082,1089
5083,1077
5084,1052
5085,980
5086,989
5087,998
5088,1003
5089,984
5090,961
5091,893
5092,906
5093,905
5094,902
5095,848
5096,763
5097,790
5098,792
5099,789
5100,786
5101,719
5102,720
5103,719
5104,718
5105,818
5106,791
5107,769
5108,750
5109,739
5110,501
5111,493
5112,491
5113,557
5114,558
5115,562
5116,560
5117,560
5118,560
5119,546
5120,546
5121,545
5122,633
5123,635
5124,635
5125,631
5126,631
5127,620
5128,615
5129,588
5130,588
5131,588
5132,596
5133,798
5134,808
5135,820
5136,830
5137,835
5138,836
5139,839
5140,845
5141,842
5142,839
5143,840
5144,821
5145,821
5146,782
5147,780
5148,777
5149,774
5150,761
5151,750
5152,750
5153,760
5154,757
5155,719
5156,719
5157,719
5158,878
5159,888
5160,867
5161,874
5162,878
5163,885
5164,896
5165,901
5166,907
5167,912
5168,920
5169,923
5170,932
5171,942
5172,943
5173,940
5174,947
5175,945
5176,939
5177,936
5178,904
5179,935
5180,962
5181,976
5182,982
5183,980
5184,978
5185,975
5186,962
5187,895
5188,902
5189,900
5190,862
5191,844
5192,838
5193,835
5194,825
5195,772
5196,772
5197,772
5198,770
5199,802
5200,825
5201,829
5202,826
5203,819
5204,808
5205,807
5206,794
5207,771
5208,747
5209,745
5210,727
5211,710
5212,704
5213,665
5214,633
5215,314
5216,314
5217,314
5218,314
5219,314
5220,314
5221,313
5222,313
5223,311
5224,311
5225,311
5226,311
5227,305
5228,305
5229,308
5230,307
5231,306
5232,306
5233,360
5234,363
5235,365
5236,366
5237,366
5238,366
5239,884
5240,900
5241,918
5242,932
5243,946
5244,958
5245,964
5246,964
5247,963
5248,961
5249,993
5250,998
5251,1001
5252,1011
5253,1022
5254,1025
5255,1024
5256,1020
5257,1015
5258,1011
5259,1001
5260,992
5261,984
5262,988
5263,989
5264,983
5265,980
5266,986
5267,965
5268,979
5269,976
5270,969
5271,967
5272,954
5273,942
5274,842
5275,843
5276,843
5277,864
5278,874
5279,885
5280,888
5281,887
5282,887
5283,875
5284,863
5285,785
5286,864
5287,872
5288,873
5289,864
5290,891
5291,890
5292,908
5293,910
5294,933
5295,924
5296,936
5297,924
5298,914
5299,910
5300,873
5301,865
5302,848
5303,736
5304,736
5305,736
5306,728
5307,727
5308,722
5309,813
5310,945
5311,952
5312,977
5313,1013
5314,1012
5315,1028
5316,1055
5317,1050
5318,1047
5319,1097
5320,1102
5321,1103
5322,1091
5323,1071
5324,1002
5325,1047
5326,1063
5327,1070
5328,1154
5329,1158
5330,1200
5331,1228
5332,1227
5333,1269
5334,1284
5335,1274
5336,1278
5337,1271
5338,1259
5339,1259
5340,1249
5341,1240
5342,1153
5343,1153
5344,1176
5345,1176
5346,1176
5347,1175
5348,1199
5349,1201
5350,1203
5351,1204
5352,1207
5353,1200
5354,1181
5355,1178
5356,1177
5357,1597
5358,1638
5359,1657
5360,1707
5361,1735
5362,1758
5363,1781
5364,1804
5365,1816
5366,1818
5367,1832
5368,1847
5369,1856
5370,1864
5371,1862
5372,1880
5373,1885
5374,1882
5375,1881
5376,1876
5377,1862
5378,1850
5379,1841
5380,1826
5381,1818
5382,1809
5383,1790
5384,1769
5385,1736
5386,1715
5387,742
5388,713
5389,710
5390,710
5391,709
5392,709
5393,659
5394,656
5395,655
5396,652
5397,651
5398,580
5399,580
5400,580
5401,583
5402,750
5403,751
5404,751
5405,751
5406,751
5407,753
5408,753
5409,753
5410,844
5411,848
5412,911
5413,917
5414,925
5415,932
5416,932
5417,932
5418,939
5419,938
5420,935
5421,931
5422,897
5423,897
5424,897
5425,897
5426,958
5427,939
5428,939
5429,939
5430,939
5431,1011
5432,1012
5433,1012
5434,1009
5435,1041
5436,1049
5437,1056
5438,1065
5439,1071
5440,1073
5441,1071
5442,1072
5443,1068
5444,1062
5445,1018
5446,1031
5447,1032
5448,1040
5449,1032
5450,1023
5451,1010
5452,973
5453,976
5454,960
5455,947
5456,915
5457,888
5458,857
5459,841
5460,813
5461,775
5462,747
5463,728
5464,540
5465,540
5466,540
5467,539
5468,536
5469,525
5470,525
5471,525
5472,525
5473,525
5474,525
5475,525
5476,721
5477,745
5478,746
5479,750
5480,776
5481,778
5482,780
5483,782
5484,785
5485,781
5486,788
5487,789
5488,781
5489,786
5490,783
5491,790
5492,803
5493,813
5494,818
5495,815
5496,807
5497,795
5498,794
5499,776
5500,766
5501,757
5502,696
5503,706
5504,705
5505,704
5506,570
5507,556
5508,556
5509,556
5510,556
5511,650
5512,656
5513,676
5514,685
5515,685
5516,685
5517,687
5518,686
5519,718
5520,726
5521,725
5522,720
5523,715
5524,711
5525,704
5526,700
5527,657
5528,657
5529,657
5530,701
5531,701
5532,701
5533,700
5534,724
5535,723
5536,726
5537,726
5538,720
5539,715
5540,712
5541,671
5542,675
5543,691
5544,724
5545,746
5546,755
5547,769
5548,777
5549,783
5550,779
5551,775
5552,769
5553,765
5554,708
5555,705
5556,698
5557,570
5558,570
5559,569
5560,569
5561,646
5562,646
5563,647
5564,662
5565,662
5566,662
5567,662
5568,757
5569,760
5570,763
5571,827
5572,854
5573,861
5574,870
5575,869
5576,865
5577,858
5578,860
5579,855
5580,858
5581,858
5582,863
5583,866
5584,862
5585,866
5586,866
5587,873
5588,866
5589,861
5590,846
5591,839
5592,826
5593,784
5594,821
5595,825
5596,828
5597,818
5598,805
5599,771
5600,785
5601,800
5602,799
5603,806
5604,805
5605,797
5606,796
5607,794
5608,792
5609,783
5610,748
5611,769
5612,769
5613,769
5614,736
5615,746
5616,769
5617,769
5618,767
5619,757
5620,725
5621,733
5622,738
5623,734
5624,732
5625,732
5626,721
5627,712
5628,661
5629,662
5630,662
5631,676
5632,684
5633,684
5634,684
5635,675
5636,674
5637,671
5638,666
5639,657
5640,650
5641,640
5642,624
5643,615
5644,603
5645,591
5646,575
5647,562
5648,558
5649,485
5650,482
5651,482
5652,482
5653,482
5654,480
5655,479
5656,465
5657,463
5658,459
5659,451
5660,431
5661,419
5662,410
5663,397
5664,381
5665,168
5666,167
5667,167
5668,167
5669,167
5670,167
5671,167
5672,167
5673,167
5674,167
5675,167
5676,167
5677,167
5678,167
5679,166
5680,159
5681,159
5682,159
5683,158
5684,158
5685,156
5686,153
5687,152
5688,151
5689,70
5690,69
5691,68
5692,0
5693,0
5694,0
5695,0
5696,0
5697,0
5698,0
5699,0
5700,0
5701,0
5702,0
5703,0
5704,0
5705,0
5706,0
5707,0
5708,0
5709,0
5710,0
5711,0
5712,0
5713,0
5714,0
5715,0
5716,0
5717,0
5718,0
5719,0
5720,0
5721,0
5722,0
5723,0
5724,0
5725,0
5726,0
5727,0
5728,0
5729,0
5730,0
5731,0
5732,0
5733,0
5734,0
5735,0
5736,0
5737,0
5738,0
5739,0
5740,0
5741,0
5742,0
5743,0
5744,0
5745,0
5746,0
5747,0
5748,0
5749,0
5750,0
5751,0
5752,0
5753,0
5754,0
5755,0
5756,0
5757,0
5758,0
5759,0
5760,0
5761,0
5762,0
5763,0
5764,0
5765,0
5766,0
5767,0
5768,0
5769,0
5770,0
5771,0
5772,0
