Position,ENA_ABO36636_ABO36636_1_Solanum_lycopersicum_(tomato)_copia_LTR_rider.fa_007
1,357
2,358
3,361
4,363
5,365
6,369
7,370
8,371
9,371
10,373
11,373
12,373
13,375
14,376
15,376
16,377
17,377
18,378
19,379
20,380
21,381
22,381
23,381
24,381
25,383
26,383
27,383
28,384
29,386
30,386
31,386
32,386
33,388
34,385
35,385
36,383
37,382
38,382
39,382
40,379
41,380
42,381
43,381
44,377
45,378
46,376
47,377
48,377
49,376
50,376
51,374
52,371
53,371
54,371
55,368
56,368
57,362
58,362
59,363
60,356
61,352
62,281
63,279
64,279
65,278
66,278
67,259
68,208
69,208
70,208
71,207
72,206
73,200
74,189
75,183
76,173
77,167
78,148
79,150
80,151
81,148
82,145
83,141
84,134
85,131
86,127
87,118
88,119
89,115
90,86
91,86
92,87
93,85
94,84
95,84
96,78
97,70
98,61
99,55
100,55
101,55
102,57
103,56
104,56
105,58
106,58
107,59
108,59
109,59
110,59
111,60
112,60
113,61
114,62
115,63
116,63
117,60
118,60
119,60
120,58
121,60
122,59
123,61
124,62
125,62
126,62
127,61
128,59
129,59
130,59
131,59
132,58
133,58
134,58
135,57
136,57
137,57
138,57
139,56
140,57
141,57
142,56
143,53
144,53
145,52
146,52
147,51
148,50
149,51
150,52
151,51
152,50
153,50
154,50
155,50
156,50
157,49
158,49
159,47
160,46
161,46
162,46
163,47
164,47
165,47
166,46
167,45
168,43
169,43
170,43
171,42
172,42
173,42
174,43
175,42
176,42
177,41
178,40
179,40
180,39
181,39
182,38
183,39
184,37
185,37
186,37
187,37
188,36
189,36
190,36
191,36
192,36
193,31
194,30
195,30
196,30
197,28
198,27
199,26
200,26
201,26
202,25
203,25
204,25
205,24
206,23
207,24
208,24
209,24
210,22
211,24
212,25
213,25
214,25
215,25
216,25
217,25
218,25
219,25
220,25
221,25
222,25
223,25
224,24
225,24
226,24
227,24
228,25
229,25
230,25
231,25
232,27
233,28
234,28
235,28
236,29
237,29
238,30
239,30
240,30
241,29
242,29
243,30
244,30
245,30
246,30
247,30
248,29
249,29
250,29
251,29
252,29
253,29
254,30
255,31
256,31
257,30
258,31
259,31
260,32
261,33
262,33
263,33
264,33
265,32
266,32
267,32
268,32
269,32
270,32
271,33
272,34
273,34
274,34
275,34
276,34
277,34
278,34
279,34
280,34
281,35
282,36
283,36
284,36
285,36
286,35
287,35
288,35
289,33
290,34
291,37
292,36
293,36
294,33
295,32
296,32
297,32
298,32
299,33
300,34
301,34
302,33
303,33
304,32
305,35
306,34
307,34
308,34
309,34
310,34
311,34
312,33
313,33
314,33
315,33
316,33
317,35
318,36
319,38
320,38
321,38
322,38
323,38
324,39
325,41
326,41
327,42
328,41
329,42
330,44
331,59
332,60
333,70
334,76
335,89
336,89
337,101
338,108
339,114
340,126
341,135
342,140
343,141
344,144
345,176
346,190
347,199
348,211
349,220
350,232
351,244
352,241
353,241
354,239
355,282
356,284
357,301
358,305
359,310
360,313
361,318
362,322
363,327
364,327
365,331
366,338
367,340
368,348
369,348
370,354
371,354
372,353
373,367
374,374
375,374
376,375
377,374
378,373
379,373
380,373
381,370
382,370
383,370
384,371
385,371
386,371
387,371
388,370
389,371
390,370
391,370
392,370
393,370
394,371
395,371
396,371
397,370
398,369
399,368
400,368
401,368
402,368
403,367
404,364
405,364
406,364
407,364
408,364
409,364
410,364
411,364
412,364
413,364
414,363
415,363
416,362
417,360
418,359
419,359
420,362
421,361
422,360
423,360
424,359
425,358
426,358
427,357
428,357
429,352
430,346
431,342
432,339
433,327
434,322
435,307
436,296
437,291
438,286
439,280
440,270
441,261
442,255
443,244
444,235
445,219
446,206
447,196
448,184
449,174
450,160
451,148
452,136
453,119
454,104
455,102
456,95
457,88
458,84
459,85
460,84
461,80
462,76
463,73
464,68
465,63
466,62
467,57
468,52
469,47
470,42
471,36
472,33
473,29
474,29
475,29
476,28
477,30
478,30
479,30
480,30
481,31
482,31
483,31
484,32
485,32
486,33
487,35
488,36
489,36
490,37
491,37
492,37
493,37
494,37
495,37
496,37
497,37
498,37
499,37
500,37
501,37
502,35
503,35
504,35
505,37
506,37
507,39
508,40
509,39
510,39
511,40
512,39
513,37
514,37
515,37
516,37
517,37
518,37
519,37
520,37
521,37
522,36
523,39
524,40
525,41
526,39
527,39
528,38
529,38
530,37
531,37
532,37
533,37
534,37
535,37
536,37
537,38
538,38
539,39
540,39
541,39
542,39
543,38
544,38
545,38
546,38
547,38
548,38
549,39
550,39
551,39
552,41
553,41
554,41
555,42
556,41
557,39
558,38
559,37
560,37
561,38
562,39
563,39
564,39
565,36
566,38
567,38
568,37
569,37
570,36
571,36
572,36
573,36
574,37
575,37
576,37
577,37
578,37
579,36
580,37
581,36
582,36
583,35
584,35
585,35
586,31
587,30
588,31
589,31
590,30
591,32
592,32
593,33
594,35
595,35
596,35
597,35
598,36
599,37
600,37
601,38
602,37
603,37
604,36
605,36
606,36
607,36
608,36
609,38
610,38
611,37
612,38
613,37
614,37
615,38
616,38
617,38
618,37
619,35
620,34
621,34
622,34
623,35
624,34
625,34
626,34
627,34
628,34
629,35
630,35
631,38
632,39
633,40
634,42
635,40
636,40
637,40
638,40
639,41
640,41
641,44
642,45
643,46
644,47
645,50
646,51
647,52
648,52
649,54
650,53
651,55
652,57
653,60
654,57
655,58
656,57
657,58
658,57
659,56
660,57
661,58
662,58
663,64
664,72
665,73
666,73
667,72
668,75
669,76
670,79
671,79
672,80
673,82
674,83
675,85
676,85
677,85
678,85
679,86
680,87
681,87
682,89
683,89
684,90
685,89
686,89
687,89
688,89
689,89
690,91
691,92
692,92
693,92
694,93
695,92
696,93
697,94
698,96
699,95
700,95
701,96
702,97
703,97
704,97
705,98
706,98
707,98
708,97
709,94
710,94
711,94
712,94
713,97
714,97
715,98
716,99
717,101
718,101
719,100
720,101
721,102
722,104
723,106
724,108
725,108
726,109
727,110
728,108
729,109
730,109
731,107
732,108
733,108
734,106
735,106
736,106
737,106
738,104
739,104
740,102
741,99
742,99
743,98
744,98
745,96
746,94
747,91
748,91
749,91
750,87
751,87
752,88
753,88
754,87
755,81
756,80
757,78
758,77
759,77
760,75
761,75
762,72
763,69
764,66
765,66
766,66
767,69
768,70
769,73
770,75
771,74
772,74
773,73
774,75
775,76
776,78
777,81
778,81
779,82
780,84
781,86
782,86
783,88
784,88
785,89
786,86
787,87
788,87
789,84
790,84
791,84
792,83
793,89
794,90
795,90
796,92
797,90
798,90
799,90
800,90
801,89
802,90
803,90
804,90
805,88
806,90
807,91
808,93
809,90
810,91
811,90
812,88
813,89
814,88
815,88
816,87
817,87
818,87
819,87
820,87
821,86
822,86
823,84
824,82
825,81
826,81
827,80
828,77
829,76
830,76
831,76
832,76
833,75
834,75
835,74
836,74
837,74
838,74
839,74
840,74
841,72
842,72
843,71
844,71
845,71
846,71
847,71
848,70
849,70
850,70
851,70
852,70
853,69
854,69
855,68
856,68
857,68
858,66
859,65
860,62
861,63
862,61
863,60
864,61
865,58
866,58
867,55
868,51
869,49
870,48
871,48
872,48
873,49
874,42
875,43
876,43
877,41
878,41
879,41
880,42
881,42
882,46
883,48
884,50
885,50
886,49
887,51
888,52
889,52
890,53
891,56
892,59
893,60
894,61
895,63
896,63
897,63
898,63
899,60
900,59
901,59
902,56
903,55
904,54
905,52
906,52
907,52
908,52
909,52
910,53
911,52
912,52
913,52
914,53
915,54
916,54
917,55
918,56
919,59
920,61
921,61
922,61
923,62
924,67
925,70
926,70
927,71
928,71
929,72
930,72
931,72
932,73
933,74
934,85
935,86
936,86
937,89
938,89
939,89
940,92
941,92
942,94
943,94
944,99
945,100
946,101
947,102
948,105
949,107
950,107
951,107
952,107
953,107
954,109
955,109
956,107
957,106
958,112
959,112
960,112
961,112
962,113
963,113
964,113
965,113
966,109
967,108
968,111
969,114
970,115
971,112
972,115
973,115
974,116
975,116
976,114
977,117
978,117
979,113
980,115
981,113
982,115
983,114
984,115
985,115
986,114
987,117
988,118
989,115
990,113
991,112
992,113
993,114
994,115
995,116
996,117
997,117
998,119
999,120
1000,121
1001,122
1002,124
1003,126
1004,127
1005,125
1006,120
1007,119
1008,121
1009,122
1010,124
1011,125
1012,125
1013,125
1014,126
1015,127
1016,128
1017,130
1018,131
1019,132
1020,133
1021,136
1022,141
1023,141
1024,141
1025,143
1026,145
1027,146
1028,145
1029,147
1030,145
1031,145
1032,143
1033,139
1034,140
1035,150
1036,155
1037,155
1038,156
1039,155
1040,156
1041,157
1042,148
1043,149
1044,152
1045,150
1046,150
1047,149
1048,150
1049,147
1050,150
1051,155
1052,155
1053,156
1054,151
1055,151
1056,150
1057,151
1058,153
1059,168
1060,170
1061,173
1062,176
1063,175
1064,174
1065,175
1066,175
1067,175
1068,175
1069,174
1070,174
1071,175
1072,173
1073,173
1074,172
1075,171
1076,171
1077,172
1078,170
1079,172
1080,172
1081,171
1082,172
1083,172
1084,171
1085,170
1086,171
1087,172
1088,171
1089,171
1090,172
1091,173
1092,170
1093,169
1094,170
1095,169
1096,170
1097,170
1098,168
1099,171
1100,171
1101,171
1102,170
1103,170
1104,170
1105,169
1106,168
1107,168
1108,166
1109,158
1110,157
1111,157
1112,158
1113,158
1114,155
1115,151
1116,151
1117,152
1118,149
1119,143
1120,144
1121,143
1122,142
1123,142
1124,139
1125,139
1126,131
1127,135
1128,138
1129,140
1130,139
1131,136
1132,135
1133,135
1134,135
1135,133
1136,130
1137,131
1138,130
1139,130
1140,125
1141,129
1142,129
1143,130
1144,130
1145,130
1146,129
1147,129
1148,135
1149,134
1150,140
1151,142
1152,142
1153,144
1154,142
1155,146
1156,156
1157,157
1158,168
1159,165
1160,165
1161,163
1162,158
1163,159
1164,157
1165,156
1166,155
1167,153
1168,152
1169,154
1170,154
1171,155
1172,154
1173,154
1174,152
1175,151
1176,148
1177,148
1178,147
1179,150
1180,152
1181,153
1182,155
1183,158
1184,161
1185,163
1186,166
1187,167
1188,168
1189,169
1190,170
1191,170
1192,170
1193,170
1194,169
1195,169
1196,169
1197,169
1198,170
1199,169
1200,168
1201,168
1202,168
1203,167
1204,168
1205,167
1206,165
1207,166
1208,166
1209,165
1210,166
1211,165
1212,164
1213,162
1214,165
1215,166
1216,166
1217,165
1218,165
1219,164
1220,160
1221,160
1222,156
1223,156
1224,159
1225,160
1226,159
1227,159
1228,157
1229,158
1230,161
1231,160
1232,159
1233,159
1234,152
1235,151
1236,149
1237,149
1238,149
1239,146
1240,146
1241,142
1242,142
1243,140
1244,142
1245,142
1246,138
1247,138
1248,111
1249,119
1250,119
1251,122
1252,122
1253,120
1254,118
1255,108
1256,102
1257,99
1258,96
1259,100
1260,101
1261,106
1262,107
1263,109
1264,113
1265,113
1266,110
1267,115
1268,115
1269,114
1270,117
1271,118
1272,118
1273,117
1274,117
1275,118
1276,118
1277,119
1278,120
1279,118
1280,118
1281,117
1282,119
1283,120
1284,121
1285,121
1286,122
1287,121
1288,118
1289,118
1290,116
1291,114
1292,116
1293,118
1294,124
1295,125
1296,125
1297,125
1298,123
1299,123
1300,122
1301,122
1302,122
1303,172
1304,177
1305,189
1306,198
1307,201
1308,204
1309,209
1310,211
1311,214
1312,225
1313,227
1314,228
1315,227
1316,230
1317,231
1318,234
1319,234
1320,233
1321,234
1322,233
1323,236
1324,236
1325,237
1326,241
1327,244
1328,244
1329,249
1330,249
1331,249
1332,250
1333,252
1334,253
1335,255
1336,256
1337,260
1338,264
1339,266
1340,270
1341,272
1342,274
1343,274
1344,274
1345,274
1346,274
1347,273
1348,270
1349,271
1350,268
1351,270
1352,270
1353,271
1354,272
1355,271
1356,272
1357,268
1358,266
1359,263
1360,261
1361,265
1362,262
1363,260
1364,258
1365,255
1366,248
1367,247
1368,247
1369,252
1370,253
1371,255
1372,255
1373,256
1374,260
1375,260
1376,263
1377,266
1378,264
1379,265
1380,265
1381,267
1382,265
1383,265
1384,267
1385,267
1386,270
1387,271
1388,272
1389,271
1390,267
1391,264
1392,253
1393,273
1394,275
1395,277
1396,277
1397,274
1398,262
1399,252
1400,243
1401,229
1402,228
1403,229
1404,223
1405,213
1406,214
1407,209
1408,210
1409,206
1410,205
1411,202
1412,195
1413,196
1414,194
1415,196
1416,194
1417,193
1418,191
1419,194
1420,196
1421,195
1422,192
1423,191
1424,187
1425,185
1426,185
1427,181
1428,181
1429,181
1430,184
1431,182
1432,181
1433,183
1434,187
1435,189
1436,188
1437,185
1438,183
1439,182
1440,177
1441,176
1442,175
1443,175
1444,175
1445,176
1446,178
1447,180
1448,180
1449,185
1450,188
1451,192
1452,195
1453,199
1454,202
1455,204
1456,206
1457,209
1458,212
1459,212
1460,211
1461,210
1462,213
1463,216
1464,217
1465,219
1466,220
1467,218
1468,216
1469,211
1470,210
1471,209
1472,210
1473,210
1474,210
1475,209
1476,207
1477,205
1478,205
1479,203
1480,201
1481,197
1482,197
1483,195
1484,195
1485,196
1486,193
1487,191
1488,189
1489,183
1490,173
1491,169
1492,166
1493,164
1494,163
1495,162
1496,165
1497,165
1498,160
1499,160
1500,164
1501,163
1502,162
1503,162
1504,160
1505,161
1506,165
1507,165
1508,166
1509,165
1510,166
1511,172
1512,173
1513,169
1514,168
1515,169
1516,169
1517,173
1518,169
1519,167
1520,167
1521,169
1522,169
1523,168
1524,168
1525,168
1526,171
1527,169
1528,168
1529,165
1530,165
1531,162
1532,160
1533,160
1534,161
1535,159
1536,159
1537,161
1538,162
1539,163
1540,163
1541,163
1542,158
1543,162
1544,162
1545,163
1546,160
1547,146
1548,146
1549,149
1550,146
1551,145
1552,147
1553,148
1554,149
1555,146
1556,138
1557,139
1558,141
1559,135
1560,136
1561,136
1562,138
1563,138
1564,137
1565,138
1566,139
1567,138
1568,139
1569,138
1570,138
1571,139
1572,138
1573,134
1574,135
1575,140
1576,140
1577,144
1578,145
1579,147
1580,149
1581,149
1582,152
1583,155
1584,153
1585,156
1586,156
1587,159
1588,160
1589,162
1590,162
1591,164
1592,163
1593,164
1594,166
1595,166
1596,167
1597,168
1598,169
1599,171
1600,173
1601,174
1602,175
1603,177
1604,177
1605,178
1606,175
1607,171
1608,169
1609,170
1610,165
1611,179
1612,185
1613,192
1614,197
1615,199
1616,204
1617,209
1618,209
1619,212
1620,215
1621,216
1622,217
1623,220
1624,223
1625,231
1626,232
1627,235
1628,239
1629,240
1630,247
1631,247
1632,250
1633,248
1634,245
1635,239
1636,254
1637,258
1638,258
1639,255
1640,255
1641,256
1642,256
1643,258
1644,257
1645,258
1646,259
1647,259
1648,258
1649,256
1650,256
1651,258
1652,258
1653,256
1654,255
1655,258
1656,259
1657,259
1658,258
1659,254
1660,257
1661,256
1662,254
1663,252
1664,251
1665,260
1666,265
1667,272
1668,286
1669,291
1670,297
1671,299
1672,303
1673,305
1674,304
1675,312
1676,311
1677,309
1678,316
1679,316
1680,315
1681,317
1682,318
1683,318
1684,317
1685,314
1686,305
1687,326
1688,330
1689,327
1690,329
1691,330
1692,337
1693,337
1694,337
1695,337
1696,335
1697,334
1698,333
1699,330
1700,329
1701,326
1702,327
1703,330
1704,328
1705,327
1706,327
1707,326
1708,327
1709,308
1710,309
1711,310
1712,308
1713,298
1714,299
1715,300
1716,296
1717,297
1718,291
1719,289
1720,289
1721,288
1722,287
1723,288
1724,272
1725,271
1726,271
1727,271
1728,269
1729,264
1730,263
1731,264
1732,259
1733,259
1734,259
1735,259
1736,255
1737,252
1738,250
1739,250
1740,246
1741,245
1742,244
1743,245
1744,244
1745,244
1746,242
1747,240
1748,235
1749,235
1750,232
1751,231
1752,230
1753,231
1754,231
1755,229
1756,227
1757,227
1758,226
1759,223
1760,220
1761,220
1762,219
1763,219
1764,217
1765,210
1766,205
1767,200
1768,186
1769,177
1770,167
1771,167
1772,160
1773,154
1774,148
1775,140
1776,140
1777,140
1778,137
1779,135
1780,132
1781,133
1782,130
1783,129
1784,131
1785,128
1786,126
1787,128
1788,128
1789,131
1790,130
1791,129
1792,126
1793,128
1794,128
1795,131
1796,134
1797,135
1798,140
1799,141
1800,141
1801,143
1802,144
1803,143
1804,143
1805,144
1806,143
1807,143
1808,140
1809,144
1810,140
1811,141
1812,144
1813,146
1814,145
1815,142
1816,140
1817,146
1818,157
1819,161
1820,172
1821,173
1822,175
1823,187
1824,187
1825,192
1826,198
1827,211
1828,213
1829,214
1830,216
1831,217
1832,222
1833,223
1834,223
1835,221
1836,220
1837,217
1838,221
1839,221
1840,222
1841,221
1842,220
1843,221
1844,223
1845,222
1846,225
1847,225
1848,226
1849,226
1850,225
1851,220
1852,222
1853,222
1854,222
1855,222
1856,222
1857,222
1858,221
1859,223
1860,223
1861,223
1862,221
1863,221
1864,224
1865,225
1866,225
1867,225
1868,225
1869,224
1870,222
1871,222
1872,221
1873,222
1874,219
1875,218
1876,217
1877,216
1878,215
1879,215
1880,215
1881,211
1882,207
1883,207
1884,195
1885,195
1886,195
1887,194
1888,190
1889,187
1890,183
1891,181
1892,176
1893,174
1894,174
1895,172
1896,169
1897,170
1898,166
1899,166
1900,164
1901,162
1902,161
1903,157
1904,156
1905,150
1906,149
1907,149
1908,148
1909,148
1910,147
1911,146
1912,147
1913,145
1914,140
1915,137
1916,133
1917,130
1918,120
1919,109
1920,102
1921,94
1922,92
1923,84
1924,80
1925,75
1926,69
1927,64
1928,62
1929,61
1930,54
1931,54
1932,54
1933,56
1934,54
1935,54
1936,53
1937,59
1938,56
1939,58
1940,60
1941,59
1942,58
1943,58
1944,60
1945,60
1946,64
1947,65
1948,66
1949,65
1950,64
1951,63
1952,65
1953,66
1954,67
1955,68
1956,66
1957,66
1958,67
1959,67
1960,68
1961,71
1962,72
1963,72
1964,71
1965,72
1966,75
1967,75
1968,75
1969,73
1970,74
1971,76
1972,82
1973,83
1974,84
1975,84
1976,86
1977,87
1978,89
1979,93
1980,95
1981,97
1982,97
1983,101
1984,101
1985,103
1986,109
1987,116
1988,116
1989,121
1990,129
1991,131
1992,131
1993,131
1994,140
1995,147
1996,151
1997,153
1998,155
1999,157
2000,161
2001,161
2002,165
2003,169
2004,173
2005,177
2006,178
2007,182
2008,183
2009,187
2010,190
2011,195
2012,197
2013,197
2014,200
2015,201
2016,205
2017,203
2018,206
2019,210
2020,209
2021,209
2022,206
2023,206
2024,207
2025,210
2026,209
2027,209
2028,210
2029,216
2030,215
2031,216
2032,215
2033,214
2034,215
2035,217
2036,219
2037,219
2038,220
2039,222
2040,225
2041,229
2042,229
2043,231
2044,232
2045,230
2046,232
2047,233
2048,231
2049,232
2050,236
2051,234
2052,234
2053,234
2054,233
2055,235
2056,237
2057,237
2058,238
2059,239
2060,238
2061,235
2062,235
2063,235
2064,236
2065,235
2066,232
2067,232
2068,232
2069,233
2070,233
2071,231
2072,230
2073,228
2074,228
2075,226
2076,222
2077,221
2078,218
2079,214
2080,206
2081,206
2082,206
2083,207
2084,203
2085,197
2086,196
2087,194
2088,192
2089,189
2090,180
2091,174
2092,171
2093,169
2094,163
2095,157
2096,155
2097,152
2098,148
2099,146
2100,141
2101,138
2102,136
2103,131
2104,128
2105,126
2106,123
2107,123
2108,118
2109,114
2110,109
2111,105
2112,103
2113,102
2114,100
2115,98
2116,98
2117,98
2118,94
2119,88
2120,90
2121,89
2122,88
2123,87
2124,86
2125,84
2126,84
2127,82
2128,80
2129,80
2130,79
2131,78
2132,78
2133,77
2134,75
2135,72
2136,64
2137,65
2138,66
2139,64
2140,60
2141,57
2142,56
2143,50
2144,48
2145,44
2146,44
2147,41
2148,38
2149,38
2150,36
2151,34
2152,31
2153,31
2154,34
2155,39
2156,38
2157,38
2158,41
2159,41
2160,41
2161,42
2162,53
2163,60
2164,66
2165,70
2166,74
2167,83
2168,87
2169,88
2170,90
2171,97
2172,99
2173,108
2174,110
2175,110
2176,111
2177,112
2178,111
2179,112
2180,112
2181,112
2182,130
2183,130
2184,132
2185,132
2186,133
2187,134
2188,137
2189,138
2190,138
2191,141
2192,143
2193,143
2194,147
2195,147
2196,147
2197,147
2198,147
2199,147
2200,148
2201,150
2202,151
2203,152
2204,152
2205,151
2206,151
2207,151
2208,151
2209,150
2210,150
2211,150
2212,150
2213,149
2214,148
2215,151
2216,151
2217,151
2218,151
2219,151
2220,150
2221,151
2222,151
2223,151
2224,151
2225,151
2226,150
2227,149
2228,148
2229,149
2230,149
2231,148
2232,148
2233,148
2234,148
2235,148
2236,148
2237,146
2238,146
2239,146
2240,145
2241,145
2242,145
2243,145
2244,145
2245,144
2246,144
2247,141
2248,139
2249,139
2250,138
2251,138
2252,135
2253,135
2254,131
2255,125
2256,124
2257,123
2258,122
2259,119
2260,118
2261,115
2262,104
2263,98
2264,95
2265,90
2266,85
2267,74
2268,65
2269,61
2270,59
2271,52
2272,49
2273,46
2274,44
2275,41
2276,37
2277,32
2278,27
2279,26
2280,25
2281,24
2282,23
2283,22
2284,21
2285,21
2286,20
2287,19
2288,18
2289,16
2290,15
2291,13
2292,13
2293,12
2294,10
2295,11
2296,12
2297,12
2298,12
2299,12
2300,13
2301,13
2302,12
2303,14
2304,14
2305,15
2306,17
2307,19
2308,19
2309,21
2310,21
2311,24
2312,24
2313,24
2314,24
2315,24
2316,24
2317,24
2318,24
2319,24
2320,25
2321,25
2322,25
2323,25
2324,26
2325,28
2326,28
2327,28
2328,29
2329,30
2330,30
2331,30
2332,30
2333,32
2334,32
2335,33
2336,33
2337,33
2338,33
2339,33
2340,33
2341,33
2342,33
2343,33
2344,34
2345,34
2346,34
2347,34
2348,34
2349,34
2350,34
2351,34
2352,34
2353,35
2354,35
2355,35
2356,35
2357,35
2358,35
2359,35
2360,35
2361,35
2362,35
2363,37
2364,37
2365,37
2366,37
2367,38
2368,38
2369,38
2370,38
2371,38
2372,40
2373,40
2374,40
2375,40
2376,40
2377,40
2378,40
2379,40
2380,40
2381,42
2382,43
2383,44
2384,45
2385,45
2386,43
2387,43
2388,43
2389,44
2390,45
2391,46
2392,45
2393,45
2394,46
2395,45
2396,44
2397,43
2398,41
2399,40
2400,40
2401,38
2402,38
2403,38
2404,38
2405,36
2406,34
2407,33
2408,31
2409,29
2410,27
2411,27
2412,27
2413,27
2414,27
2415,27
2416,27
2417,27
2418,27
2419,27
2420,27
2421,27
2422,24
2423,24
2424,23
2425,24
2426,24
2427,24
2428,25
2429,25
2430,26
2431,26
2432,27
2433,27
2434,27
2435,27
2436,27
2437,28
2438,28
2439,28
2440,29
2441,29
2442,29
2443,29
2444,29
2445,28
2446,28
2447,29
2448,29
2449,29
2450,29
2451,28
2452,28
2453,27
2454,28
2455,28
2456,28
2457,28
2458,28
2459,27
2460,27
2461,26
2462,26
2463,26
2464,26
2465,26
2466,25
2467,25
2468,25
2469,25
2470,25
2471,24
2472,24
2473,24
2474,24
2475,24
2476,23
2477,22
2478,20
2479,20
2480,19
2481,18
2482,17
2483,16
2484,16
2485,15
2486,15
2487,15
2488,15
2489,14
2490,12
2491,12
2492,13
2493,13
2494,12
2495,12
2496,12
2497,12
2498,12
2499,12
2500,12
2501,12
2502,12
2503,11
2504,11
2505,11
2506,10
2507,10
2508,10
2509,10
2510,10
2511,10
2512,9
2513,9
2514,9
2515,9
2516,9
2517,10
2518,10
2519,10
2520,11
2521,13
2522,14
2523,16
2524,17
2525,17
2526,16
2527,18
2528,19
2529,19
2530,19
2531,20
2532,21
2533,21
2534,21
2535,21
2536,21
2537,21
2538,20
2539,20
2540,20
2541,22
2542,22
2543,22
2544,22
2545,22
2546,24
2547,27
2548,29
2549,29
2550,30
2551,31
2552,34
2553,37
2554,40
2555,42
2556,44
2557,47
2558,47
2559,47
2560,47
2561,47
2562,47
2563,48
2564,49
2565,48
2566,48
2567,48
2568,48
2569,48
2570,48
2571,55
2572,55
2573,55
2574,55
2575,55
2576,55
2577,55
2578,55
2579,56
2580,56
2581,56
2582,56
2583,56
2584,57
2585,57
2586,58
2587,58
2588,58
2589,58
2590,59
2591,59
2592,59
2593,60
2594,60
2595,60
2596,61
2597,61
2598,61
2599,61
2600,61
2601,61
2602,61
2603,61
2604,61
2605,62
2606,63
2607,64
2608,64
2609,65
2610,65
2611,66
2612,68
2613,69
2614,68
2615,68
2616,64
2617,71
2618,72
2619,73
2620,72
2621,72
2622,72
2623,74
2624,74
2625,75
2626,86
2627,86
2628,88
2629,103
2630,117
2631,135
2632,148
2633,163
2634,181
2635,195
2636,206
2637,219
2638,235
2639,249
2640,262
2641,279
2642,289
2643,310
2644,322
2645,337
2646,356
2647,369
2648,383
2649,407
2650,418
2651,426
2652,436
2653,451
2654,458
2655,468
2656,485
2657,502
2658,522
2659,531
2660,546
2661,560
2662,569
2663,580
2664,583
2665,584
2666,587
2667,589
2668,589
2669,592
2670,595
2671,600
2672,601
2673,601
2674,603
2675,603
2676,602
2677,601
2678,605
2679,606
2680,606
2681,607
2682,608
2683,608
2684,609
2685,609
2686,609
2687,609
2688,609
2689,609
2690,610
2691,610
2692,610
2693,610
2694,610
2695,610
2696,609
2697,608
2698,609
2699,608
2700,609
2701,609
2702,609
2703,610
2704,610
2705,607
2706,605
2707,604
2708,599
2709,599
2710,599
2711,595
2712,593
2713,585
2714,581
2715,581
2716,581
2717,581
2718,576
2719,576
2720,576
2721,573
2722,568
2723,565
2724,560
2725,556
2726,548
2727,532
2728,532
2729,500
2730,499
2731,480
2732,450
2733,378
2734,378
2735,362
2736,361
2737,361
2738,353
2739,340
2740,326
2741,284
2742,283
2743,281
2744,238
2745,199
2746,198
2747,158
2748,158
2749,158
2750,158
2751,153
2752,153
2753,136
2754,136
2755,111
2756,112
2757,92
2758,66
2759,66
2760,57
2761,50
2762,36
2763,30
2764,30
2765,29
2766,30
2767,28
2768,27
2769,28
2770,26
2771,23
2772,23
2773,21
2774,20
2775,19
2776,19
2777,19
2778,18
2779,18
2780,18
2781,17
2782,16
2783,17
2784,17
2785,17
2786,17
2787,17
2788,15
2789,15
2790,15
2791,15
2792,16
2793,16
2794,15
2795,16
2796,16
2797,16
2798,16
2799,16
2800,16
2801,16
2802,15
2803,15
2804,15
2805,15
2806,16
2807,16
2808,16
2809,16
2810,16
2811,17
2812,18
2813,18
2814,18
2815,18
2816,18
2817,18
2818,18
2819,19
2820,19
2821,19
2822,19
2823,19
2824,19
2825,19
2826,19
2827,19
2828,18
2829,17
2830,17
2831,17
2832,17
2833,17
2834,17
2835,17
2836,17
2837,17
2838,17
2839,17
2840,17
2841,17
2842,16
2843,16
2844,16
2845,16
2846,16
2847,15
2848,15
2849,15
2850,15
2851,13
2852,13
2853,12
2854,12
2855,11
2856,11
2857,11
2858,11
2859,11
2860,11
2861,11
2862,11
2863,11
2864,11
2865,11
2866,11
2867,11
2868,9
2869,9
2870,9
2871,9
2872,8
2873,8
2874,8
2875,8
2876,8
2877,8
2878,8
2879,8
2880,8
2881,8
2882,7
2883,7
2884,7
2885,7
2886,7
2887,7
2888,7
2889,8
2890,8
2891,9
2892,9
2893,7
2894,7
2895,6
2896,6
2897,5
2898,4
2899,4
2900,4
2901,4
2902,4
2903,4
2904,4
2905,4
2906,4
2907,4
2908,4
2909,4
2910,6
2911,6
2912,7
2913,8
2914,7
2915,7
2916,8
2917,8
2918,10
2919,12
2920,12
2921,12
2922,12
2923,12
2924,13
2925,13
2926,13
2927,13
2928,13
2929,14
2930,14
2931,14
2932,14
2933,15
2934,15
2935,15
2936,15
2937,15
2938,16
2939,18
2940,18
2941,18
2942,19
2943,20
2944,20
2945,20
2946,21
2947,22
2948,22
2949,23
2950,23
2951,23
2952,24
2953,25
2954,26
2955,26
2956,26
2957,27
2958,27
2959,31
2960,35
2961,39
2962,40
2963,40
2964,42
2965,45
2966,49
2967,54
2968,58
2969,61
2970,63
2971,63
2972,65
2973,67
2974,69
2975,76
2976,80
2977,84
2978,84
2979,86
2980,85
2981,99
2982,105
2983,116
2984,124
2985,136
2986,141
2987,152
2988,161
2989,166
2990,177
2991,187
2992,198
2993,209
2994,223
2995,233
2996,246
2997,257
2998,277
2999,293
3000,313
3001,321
3002,347
3003,363
3004,394
3005,424
3006,452
3007,481
3008,500
3009,531
3010,568
3011,599
3012,632
3013,681
3014,713
3015,752
3016,780
3017,811
3018,857
3019,887
3020,907
3021,928
3022,958
3023,981
3024,997
3025,1028
3026,1045
3027,1064
3028,1073
3029,1083
3030,1120
3031,1152
3032,1176
3033,1180
3034,1209
3035,1220
3036,1231
3037,1267
3038,1278
3039,1290
3040,1297
3041,1316
3042,1334
3043,1360
3044,1366
3045,1382
3046,1393
3047,1399
3048,1432
3049,1445
3050,1452
3051,1463
3052,1467
3053,1467
3054,1467
3055,1469
3056,1478
3057,1515
3058,1522
3059,1520
3060,1512
3061,1516
3062,1516
3063,1514
3064,1507
3065,1505
3066,1497
3067,1501
3068,1501
3069,1496
3070,1487
3071,1469
3072,1469
3073,1469
3074,1469
3075,1469
3076,1433
3077,1434
3078,1436
3079,1435
3080,1435
3081,1424
3082,1383
3083,1383
3084,1379
3085,1363
3086,1309
3087,1310
3088,1311
3089,1311
3090,1311
3091,1305
3092,1304
3093,1289
3094,1214
3095,1211
3096,1175
3097,1172
3098,1170
3099,1168
3100,1090
3101,1088
3102,1055
3103,1045
3104,1017
3105,1008
3106,979
3107,967
3108,959
3109,928
3110,916
3111,904
3112,858
3113,828
3114,795
3115,775
3116,744
3117,717
3118,691
3119,657
3120,637
3121,616
3122,593
3123,568
3124,541
3125,516
3126,490
3127,476
3128,440
3129,429
3130,398
3131,383
3132,369
3133,337
3134,322
3135,311
3136,290
3137,266
3138,256
3139,242
3140,230
3141,215
3142,199
3143,180
3144,171
3145,157
3146,143
3147,131
3148,120
3149,109
3150,102
3151,97
3152,91
3153,79
3154,69
3155,59
3156,45
3157,48
3158,49
3159,49
3160,49
3161,47
3162,46
3163,45
3164,46
3165,45
3166,47
3167,48
3168,43
3169,43
3170,44
3171,44
3172,45
3173,46
3174,46
3175,46
3176,44
3177,45
3178,49
3179,49
3180,49
3181,49
3182,49
3183,49
3184,51
3185,53
3186,53
3187,53
3188,54
3189,54
3190,53
3191,53
3192,53
3193,52
3194,51
3195,51
3196,50
3197,50
3198,50
3199,50
3200,51
3201,51
3202,52
3203,52
3204,53
3205,53
3206,53
3207,53
3208,52
3209,52
3210,52
3211,52
3212,52
3213,52
3214,51
3215,51
3216,51
3217,51
3218,51
3219,51
3220,52
3221,52
3222,51
3223,50
3224,50
3225,49
3226,49
3227,48
3228,43
3229,42
3230,42
3231,42
3232,42
3233,42
3234,42
3235,42
3236,41
3237,41
3238,41
3239,41
3240,35
3241,35
3242,35
3243,33
3244,33
3245,33
3246,33
3247,33
3248,32
3249,31
3250,31
3251,31
3252,30
3253,30
3254,29
3255,29
3256,29
3257,30
3258,30
3259,26
3260,26
3261,25
3262,24
3263,24
3264,23
3265,23
3266,21
3267,20
3268,19
3269,19
3270,19
3271,19
3272,18
3273,18
3274,18
3275,18
3276,18
3277,16
3278,14
3279,13
3280,13
3281,13
3282,13
3283,13
3284,12
3285,13
3286,13
3287,14
3288,15
3289,16
3290,16
3291,16
3292,21
3293,22
3294,23
3295,24
3296,24
3297,25
3298,27
3299,26
3300,27
3301,28
3302,28
3303,28
3304,30
3305,29
3306,30
3307,33
3308,35
3309,36
3310,38
3311,39
3312,40
3313,42
3314,45
3315,46
3316,50
3317,50
3318,49
3319,50
3320,50
3321,51
3322,53
3323,54
3324,55
3325,56
3326,60
3327,60
3328,60
3329,61
3330,62
3331,63
3332,63
3333,63
3334,63
3335,63
3336,63
3337,67
3338,68
3339,71
3340,72
3341,73
3342,69
3343,72
3344,80
3345,81
3346,84
3347,84
3348,89
3349,92
3350,93
3351,99
3352,101
3353,104
3354,105
3355,109
3356,112
3357,112
3358,112
3359,114
3360,119
3361,121
3362,121
3363,131
3364,137
3365,137
3366,137
3367,136
3368,145
3369,145
3370,148
3371,151
3372,173
3373,198
3374,217
3375,239
3376,264
3377,282
3378,291
3379,304
3380,321
3381,340
3382,364
3383,383
3384,383
3385,410
3386,449
3387,470
3388,492
3389,507
3390,540
3391,570
3392,569
3393,571
3394,641
3395,640
3396,680
3397,698
3398,712
3399,724
3400,739
3401,759
3402,773
3403,788
3404,788
3405,807
3406,832
3407,847
3408,876
3409,893
3410,903
3411,909
3412,905
3413,912
3414,922
3415,920
3416,921
3417,944
3418,954
3419,961
3420,966
3421,968
3422,968
3423,966
3424,967
3425,969
3426,969
3427,971
3428,971
3429,973
3430,982
3431,984
3432,985
3433,988
3434,989
3435,992
3436,994
3437,996
3438,998
3439,999
3440,1004
3441,1007
3442,1007
3443,1006
3444,998
3445,996
3446,992
3447,990
3448,992
3449,989
3450,985
3451,982
3452,981
3453,975
3454,976
3455,973
3456,969
3457,969
3458,964
3459,962
3460,957
3461,957
3462,956
3463,951
3464,947
3465,944
3466,942
3467,939
3468,937
3469,934
3470,929
3471,927
3472,907
3473,879
3474,865
3475,841
3476,809
3477,786
3478,780
3479,763
3480,740
3481,717
3482,694
3483,673
3484,643
3485,623
3486,594
3487,573
3488,542
3489,444
3490,447
3491,446
3492,446
3493,430
3494,411
3495,391
3496,369
3497,355
3498,342
3499,328
3500,312
3501,292
3502,273
3503,257
3504,240
3505,213
3506,194
3507,176
3508,159
3509,140
3510,133
3511,127
3512,123
3513,119
3514,111
3515,104
3516,100
3517,95
3518,93
3519,87
3520,83
3521,78
3522,77
3523,77
3524,77
3525,76
3526,72
3527,72
3528,68
3529,68
3530,69
3531,66
3532,64
3533,60
3534,61
3535,58
3536,54
3537,54
3538,51
3539,48
3540,44
3541,40
3542,38
3543,38
3544,38
3545,38
3546,39
3547,39
3548,38
3549,39
3550,39
3551,39
3552,39
3553,40
3554,40
3555,40
3556,39
3557,39
3558,41
3559,41
3560,41
3561,42
3562,42
3563,43
3564,43
3565,43
3566,45
3567,45
3568,46
3569,46
3570,46
3571,46
3572,45
3573,49
3574,50
3575,50
3576,50
3577,51
3578,51
3579,53
3580,52
3581,53
3582,53
3583,54
3584,53
3585,52
3586,52
3587,52
3588,52
3589,52
3590,52
3591,53
3592,54
3593,54
3594,55
3595,55
3596,55
3597,55
3598,55
3599,55
3600,55
3601,55
3602,55
3603,55
3604,56
3605,56
3606,54
3607,52
3608,52
3609,52
3610,53
3611,53
3612,53
3613,55
3614,56
3615,56
3616,56
3617,56
3618,56
3619,55
3620,54
3621,54
3622,53
3623,52
3624,50
3625,48
3626,47
3627,47
3628,46
3629,45
3630,44
3631,44
3632,44
3633,43
3634,43
3635,43
3636,43
3637,44
3638,44
3639,43
3640,43
3641,43
3642,43
3643,42
3644,42
3645,42
3646,41
3647,40
3648,40
3649,38
3650,38
3651,37
3652,37
3653,37
3654,36
3655,35
3656,36
3657,36
3658,36
3659,37
3660,36
3661,36
3662,35
3663,31
3664,31
3665,31
3666,30
3667,29
3668,29
3669,29
3670,28
3671,28
3672,27
3673,27
3674,26
3675,25
3676,25
3677,25
3678,27
3679,28
3680,28
3681,25
3682,25
3683,28
3684,30
3685,30
3686,30
3687,30
3688,31
3689,30
3690,30
3691,31
3692,32
3693,32
3694,33
3695,33
3696,35
3697,35
3698,35
3699,34
3700,33
3701,34
3702,33
3703,33
3704,34
3705,34
3706,34
3707,33
3708,33
3709,34
3710,36
3711,38
3712,39
3713,37
3714,37
3715,38
3716,37
3717,37
3718,37
3719,37
3720,37
3721,37
3722,38
3723,38
3724,39
3725,39
3726,39
3727,40
3728,40
3729,44
3730,45
3731,48
3732,48
3733,48
3734,50
3735,51
3736,50
3737,50
3738,51
3739,51
3740,48
3741,48
3742,49
3743,49
3744,49
3745,54
3746,56
3747,56
3748,56
3749,56
3750,56
3751,57
3752,58
3753,58
3754,58
3755,59
3756,59
3757,60
3758,61
3759,62
3760,61
3761,61
3762,61
3763,61
3764,61
3765,62
3766,62
3767,61
3768,61
3769,60
3770,61
3771,61
3772,61
3773,60
3774,61
3775,59
3776,60
3777,59
3778,57
3779,56
3780,53
3781,55
3782,55
3783,56
3784,56
3785,58
3786,59
3787,60
3788,59
3789,59
3790,60
3791,61
3792,61
3793,60
3794,59
3795,56
3796,58
3797,58
3798,59
3799,60
3800,60
3801,60
3802,60
3803,63
3804,64
3805,66
3806,65
3807,66
3808,67
3809,67
3810,69
3811,69
3812,70
3813,72
3814,73
3815,72
3816,73
3817,81
3818,81
3819,86
3820,92
3821,92
3822,91
3823,93
3824,94
3825,95
3826,98
3827,97
3828,98
3829,101
3830,98
3831,97
3832,100
3833,102
3834,100
3835,102
3836,102
3837,102
3838,104
3839,104
3840,104
3841,104
3842,104
3843,104
3844,104
3845,102
3846,100
3847,101
3848,102
3849,104
3850,104
3851,105
3852,104
3853,105
3854,105
3855,105
3856,105
3857,104
3858,105
3859,104
3860,106
3861,108
3862,108
3863,107
3864,107
3865,106
3866,103
3867,104
3868,104
3869,104
3870,104
3871,103
3872,102
3873,100
3874,101
3875,102
3876,102
3877,102
3878,103
3879,103
3880,103
3881,101
3882,101
3883,101
3884,102
3885,102
3886,101
3887,100
3888,99
3889,99
3890,98
3891,97
3892,98
3893,98
3894,99
3895,98
3896,98
3897,97
3898,96
3899,95
3900,95
3901,94
3902,92
3903,89
3904,89
3905,88
3906,86
3907,85
3908,85
3909,85
3910,81
3911,80
3912,79
3913,77
3914,74
3915,74
3916,71
3917,66
3918,63
3919,57
3920,50
3921,50
3922,50
3923,50
3924,49
3925,0
3926,0
3927,0
3928,0
3929,0
3930,0
3931,0
3932,0
3933,0
3934,0
3935,0
3936,0
3937,0
3938,0
3939,0
3940,0
3941,0
3942,0
3943,0
3944,0
3945,0
3946,0
3947,0
3948,0
3949,0
3950,0
3951,0
3952,0
3953,0
3954,0
3955,0
3956,0
3957,0
3958,0
3959,0
3960,0
3961,0
3962,0
3963,0
3964,0
3965,0
3966,0
3967,0
3968,0
3969,0
3970,0
3971,0
3972,0
3973,0
3974,0
3975,0
3976,0
3977,0
3978,0
3979,0
3980,0
3981,0
3982,0
3983,0
3984,0
3985,0
3986,0
3987,0
3988,0
3989,0
