Position,EU195798_2_Solanum_lycopersicum_retrotransposon_Kielia__complete_sequence.fa_002
1,0
2,0
3,0
4,0
5,0
6,6
7,6
8,7
9,7
10,8
11,8
12,8
13,8
14,8
15,8
16,8
17,8
18,8
19,8
20,8
21,8
22,8
23,8
24,8
25,8
26,8
27,8
28,8
29,8
30,8
31,8
32,8
33,8
34,8
35,8
36,8
37,7
38,7
39,7
40,8
41,8
42,8
43,8
44,8
45,8
46,7
47,7
48,7
49,7
50,7
51,7
52,7
53,7
54,3
55,1
56,1
57,1
58,1
59,1
60,1
61,1
62,1
63,1
64,1
65,1
66,1
67,1
68,1
69,1
70,1
71,1
72,1
73,1
74,1
75,1
76,1
77,1
78,1
79,1
80,1
81,1
82,1
83,1
84,1
85,1
86,1
87,1
88,1
89,1
90,1
91,1
92,1
93,0
94,0
95,0
96,0
97,0
98,0
99,0
100,0
101,0
102,0
103,0
104,0
105,0
106,0
107,0
108,0
109,0
110,0
111,0
112,0
113,0
114,0
115,0
116,0
117,0
118,0
119,0
120,0
121,0
122,0
123,0
124,0
125,0
126,0
127,0
128,0
129,0
130,0
131,0
132,0
133,0
134,1
135,1
136,2
137,2
138,2
139,2
140,2
141,4
142,4
143,4
144,4
145,4
146,4
147,5
148,5
149,5
150,5
151,5
152,5
153,8
154,8
155,8
156,8
157,8
158,8
159,8
160,10
161,10
162,12
163,12
164,16
165,35
166,36
167,36
168,36
169,36
170,36
171,38
172,37
173,37
174,38
175,39
176,40
177,40
178,40
179,40
180,42
181,42
182,42
183,41
184,41
185,41
186,41
187,61
188,62
189,62
190,67
191,67
192,67
193,67
194,67
195,68
196,67
197,71
198,71
199,72
200,72
201,72
202,72
203,72
204,73
205,75
206,77
207,79
208,80
209,82
210,83
211,86
212,86
213,86
214,90
215,91
216,93
217,94
218,96
219,95
220,95
221,93
222,93
223,91
224,93
225,92
226,93
227,94
228,95
229,95
230,98
231,99
232,102
233,102
234,103
235,103
236,107
237,108
238,110
239,111
240,112
241,115
242,116
243,115
244,115
245,115
246,115
247,115
248,114
249,112
250,117
251,122
252,123
253,126
254,126
255,127
256,127
257,132
258,132
259,131
260,131
261,131
262,132
263,128
264,133
265,133
266,133
267,133
268,133
269,133
270,134
271,134
272,134
273,133
274,133
275,132
276,131
277,127
278,132
279,132
280,132
281,129
282,127
283,126
284,126
285,126
286,127
287,124
288,123
289,125
290,126
291,125
292,126
293,126
294,126
295,125
296,126
297,126
298,127
299,125
300,125
301,124
302,127
303,126
304,126
305,128
306,126
307,121
308,122
309,125
310,127
311,125
312,128
313,124
314,123
315,120
316,123
317,123
318,123
319,124
320,125
321,126
322,128
323,127
324,126
325,126
326,124
327,115
328,122
329,124
330,127
331,126
332,124
333,125
334,125
335,125
336,124
337,119
338,124
339,123
340,124
341,122
342,123
343,121
344,121
345,122
346,122
347,122
348,122
349,121
350,120
351,119
352,115
353,113
354,111
355,103
356,104
357,111
358,111
359,114
360,117
361,116
362,116
363,116
364,116
365,115
366,121
367,122
368,123
369,124
370,123
371,122
372,123
373,121
374,119
375,117
376,116
377,118
378,118
379,117
380,117
381,117
382,117
383,115
384,112
385,112
386,112
387,113
388,110
389,107
390,112
391,113
392,113
393,113
394,112
395,110
396,111
397,110
398,110
399,110
400,110
401,113
402,112
403,112
404,77
405,56
406,51
407,50
408,47
409,46
410,46
411,47
412,47
413,47
414,47
415,47
416,47
417,48
418,50
419,58
420,66
421,70
422,76
423,84
424,97
425,100
426,109
427,116
428,125
429,129
430,132
431,136
432,146
433,153
434,158
435,160
436,162
437,163
438,162
439,162
440,164
441,166
442,165
443,166
444,168
445,172
446,176
447,178
448,184
449,188
450,187
451,188
452,188
453,189
454,189
455,189
456,189
457,190
458,190
459,188
460,187
461,190
462,191
463,191
464,189
465,189
466,188
467,190
468,190
469,190
470,190
471,190
472,190
473,190
474,189
475,189
476,188
477,187
478,188
479,189
480,190
481,190
482,190
483,190
484,190
485,189
486,188
487,189
488,188
489,189
490,189
491,188
492,188
493,188
494,188
495,187
496,187
497,187
498,185
499,185
500,185
501,183
502,181
503,181
504,180
505,180
506,180
507,179
508,179
509,178
510,178
511,176
512,175
513,173
514,155
515,155
516,156
517,156
518,155
519,147
520,110
521,110
522,110
523,110
524,110
525,107
526,100
527,97
528,90
529,85
530,71
531,72
532,72
533,70
534,67
535,65
536,64
537,64
538,65
539,62
540,62
541,62
542,52
543,52
544,52
545,53
546,52
547,52
548,46
549,42
550,41
551,40
552,40
553,39
554,40
555,40
556,39
557,39
558,40
559,42
560,43
561,42
562,43
563,45
564,45
565,46
566,46
567,47
568,47
569,47
570,47
571,47
572,47
573,50
574,50
575,51
576,51
577,50
578,49
579,48
580,47
581,50
582,49
583,50
584,49
585,47
586,46
587,45
588,46
589,46
590,46
591,46
592,46
593,46
594,47
595,47
596,47
597,48
598,48
599,47
600,46
601,47
602,47
603,46
604,46
605,46
606,45
607,45
608,44
609,44
610,46
611,46
612,45
613,44
614,44
615,44
616,43
617,45
618,45
619,44
620,45
621,45
622,45
623,45
624,45
625,46
626,47
627,47
628,46
629,45
630,46
631,46
632,47
633,48
634,48
635,47
636,46
637,45
638,47
639,47
640,48
641,47
642,47
643,48
644,46
645,41
646,43
647,41
648,41
649,41
650,41
651,42
652,43
653,45
654,45
655,45
656,46
657,46
658,47
659,48
660,48
661,47
662,45
663,46
664,48
665,48
666,49
667,47
668,47
669,47
670,48
671,47
672,47
673,47
674,47
675,52
676,54
677,53
678,53
679,53
680,55
681,55
682,55
683,55
684,55
685,55
686,55
687,57
688,57
689,58
690,58
691,59
692,59
693,59
694,58
695,58
696,58
697,58
698,58
699,57
700,57
701,57
702,58
703,60
704,60
705,60
706,60
707,60
708,61
709,61
710,61
711,62
712,62
713,62
714,63
715,64
716,64
717,62
718,61
719,62
720,61
721,60
722,60
723,61
724,60
725,60
726,63
727,63
728,63
729,63
730,62
731,61
732,63
733,61
734,64
735,65
736,64
737,64
738,62
739,61
740,62
741,60
742,60
743,60
744,60
745,59
746,59
747,58
748,59
749,59
750,56
751,56
752,56
753,55
754,55
755,54
756,55
757,55
758,54
759,55
760,54
761,54
762,54
763,53
764,52
765,52
766,51
767,52
768,51
769,53
770,52
771,52
772,54
773,54
774,53
775,53
776,53
777,54
778,54
779,58
780,56
781,56
782,56
783,67
784,69
785,71
786,76
787,81
788,83
789,92
790,98
791,101
792,106
793,110
794,114
795,116
796,120
797,131
798,140
799,148
800,154
801,159
802,164
803,170
804,166
805,166
806,165
807,195
808,197
809,199
810,201
811,201
812,201
813,202
814,204
815,205
816,205
817,207
818,213
819,214
820,215
821,215
822,222
823,220
824,220
825,222
826,217
827,217
828,216
829,216
830,214
831,214
832,214
833,211
834,211
835,211
836,211
837,212
838,212
839,213
840,213
841,213
842,210
843,210
844,209
845,209
846,209
847,209
848,208
849,208
850,207
851,207
852,206
853,205
854,204
855,204
856,203
857,203
858,203
859,202
860,203
861,204
862,204
863,204
864,204
865,204
866,203
867,203
868,203
869,202
870,203
871,202
872,202
873,202
874,201
875,201
876,198
877,198
878,194
879,193
880,193
881,188
882,183
883,182
884,181
885,175
886,170
887,166
888,160
889,155
890,145
891,144
892,138
893,134
894,130
895,127
896,121
897,116
898,107
899,97
900,89
901,85
902,82
903,75
904,69
905,57
906,50
907,51
908,47
909,47
910,46
911,45
912,46
913,45
914,44
915,43
916,44
917,40
918,40
919,38
920,35
921,30
922,31
923,33
924,31
925,30
926,30
927,30
928,30
929,31
930,31
931,31
932,31
933,31
934,31
935,33
936,33
937,33
938,34
939,35
940,36
941,36
942,36
943,38
944,40
945,42
946,42
947,42
948,42
949,42
950,41
951,45
952,45
953,47
954,47
955,47
956,47
957,50
958,51
959,53
960,54
961,53
962,55
963,57
964,58
965,58
966,58
967,58
968,57
969,53
970,53
971,53
972,53
973,53
974,52
975,56
976,56
977,56
978,56
979,57
980,57
981,57
982,59
983,60
984,58
985,58
986,59
987,58
988,58
989,58
990,58
991,57
992,58
993,58
994,58
995,58
996,58
997,58
998,58
999,59
1000,59
1001,59
1002,58
1003,58
1004,58
1005,58
1006,57
1007,56
1008,55
1009,54
1010,53
1011,55
1012,55
1013,55
1014,55
1015,55
1016,52
1017,51
1018,50
1019,50
1020,50
1021,51
1022,49
1023,48
1024,48
1025,48
1026,48
1027,48
1028,48
1029,47
1030,48
1031,50
1032,50
1033,51
1034,50
1035,49
1036,49
1037,49
1038,49
1039,49
1040,48
1041,49
1042,48
1043,42
1044,42
1045,42
1046,42
1047,42
1048,42
1049,40
1050,39
1051,37
1052,38
1053,35
1054,35
1055,34
1056,30
1057,30
1058,30
1059,30
1060,27
1061,28
1062,28
1063,25
1064,25
1065,26
1066,26
1067,26
1068,27
1069,27
1070,27
1071,27
1072,26
1073,24
1074,24
1075,23
1076,18
1077,18
1078,19
1079,20
1080,21
1081,21
1082,22
1083,24
1084,28
1085,29
1086,31
1087,32
1088,32
1089,34
1090,36
1091,36
1092,36
1093,38
1094,44
1095,43
1096,44
1097,45
1098,46
1099,46
1100,49
1101,49
1102,51
1103,52
1104,55
1105,57
1106,57
1107,59
1108,61
1109,65
1110,68
1111,69
1112,71
1113,71
1114,72
1115,76
1116,79
1117,83
1118,83
1119,84
1120,87
1121,87
1122,88
1123,90
1124,92
1125,94
1126,95
1127,98
1128,102
1129,103
1130,104
1131,104
1132,105
1133,107
1134,110
1135,113
1136,119
1137,121
1138,121
1139,122
1140,122
1141,130
1142,131
1143,132
1144,135
1145,139
1146,141
1147,143
1148,148
1149,150
1150,154
1151,156
1152,155
1153,158
1154,161
1155,163
1156,166
1157,167
1158,167
1159,167
1160,167
1161,168
1162,169
1163,170
1164,171
1165,171
1166,171
1167,171
1168,171
1169,172
1170,176
1171,179
1172,181
1173,182
1174,181
1175,182
1176,182
1177,180
1178,181
1179,182
1180,180
1181,180
1182,183
1183,181
1184,181
1185,180
1186,178
1187,178
1188,178
1189,176
1190,177
1191,176
1192,175
1193,170
1194,170
1195,169
1196,167
1197,167
1198,165
1199,160
1200,159
1201,156
1202,150
1203,150
1204,150
1205,149
1206,146
1207,139
1208,139
1209,139
1210,137
1211,136
1212,134
1213,135
1214,134
1215,130
1216,125
1217,123
1218,121
1219,124
1220,124
1221,124
1222,125
1223,120
1224,121
1225,121
1226,123
1227,119
1228,122
1229,124
1230,124
1231,127
1232,133
1233,133
1234,131
1235,131
1236,131
1237,129
1238,122
1239,122
1240,125
1241,120
1242,120
1243,120
1244,105
1245,117
1246,119
1247,120
1248,117
1249,116
1250,115
1251,114
1252,115
1253,113
1254,113
1255,113
1256,111
1257,112
1258,111
1259,112
1260,112
1261,112
1262,112
1263,111
1264,111
1265,113
1266,112
1267,112
1268,112
1269,111
1270,109
1271,110
1272,109
1273,108
1274,108
1275,106
1276,105
1277,104
1278,104
1279,103
1280,102
1281,102
1282,102
1283,101
1284,100
1285,101
1286,100
1287,99
1288,99
1289,99
1290,101
1291,100
1292,101
1293,101
1294,101
1295,101
1296,106
1297,106
1298,106
1299,107
1300,107
1301,107
1302,109
1303,109
1304,112
1305,113
1306,113
1307,113
1308,115
1309,116
1310,117
1311,117
1312,120
1313,121
1314,122
1315,122
1316,122
1317,122
1318,122
1319,119
1320,118
1321,120
1322,121
1323,121
1324,121
1325,119
1326,112
1327,113
1328,115
1329,98
1330,99
1331,96
1332,96
1333,95
1334,96
1335,94
1336,95
1337,96
1338,97
1339,99
1340,98
1341,101
1342,98
1343,94
1344,92
1345,92
1346,92
1347,92
1348,92
1349,92
1350,92
1351,87
1352,87
1353,88
1354,89
1355,90
1356,89
1357,87
1358,86
1359,82
1360,83
1361,83
1362,83
1363,88
1364,87
1365,87
1366,87
1367,89
1368,88
1369,88
1370,87
1371,88
1372,88
1373,88
1374,88
1375,89
1376,89
1377,89
1378,91
1379,93
1380,94
1381,98
1382,100
1383,99
1384,98
1385,98
1386,103
1387,104
1388,105
1389,105
1390,103
1391,103
1392,103
1393,101
1394,101
1395,103
1396,101
1397,102
1398,105
1399,105
1400,105
1401,105
1402,102
1403,102
1404,99
1405,98
1406,99
1407,98
1408,97
1409,98
1410,96
1411,95
1412,92
1413,91
1414,92
1415,92
1416,91
1417,91
1418,92
1419,92
1420,93
1421,96
1422,98
1423,97
1424,98
1425,98
1426,98
1427,101
1428,101
1429,101
1430,103
1431,103
1432,104
1433,104
1434,104
1435,102
1436,101
1437,102
1438,100
1439,99
1440,99
1441,99
1442,101
1443,101
1444,100
1445,98
1446,98
1447,100
1448,101
1449,100
1450,97
1451,99
1452,100
1453,102
1454,102
1455,103
1456,104
1457,106
1458,102
1459,102
1460,104
1461,110
1462,112
1463,115
1464,117
1465,116
1466,120
1467,120
1468,122
1469,124
1470,127
1471,128
1472,130
1473,135
1474,135
1475,135
1476,137
1477,143
1478,144
1479,144
1480,144
1481,141
1482,138
1483,139
1484,140
1485,142
1486,147
1487,157
1488,161
1489,166
1490,169
1491,166
1492,167
1493,167
1494,165
1495,166
1496,171
1497,172
1498,172
1499,172
1500,172
1501,175
1502,180
1503,185
1504,185
1505,190
1506,192
1507,191
1508,191
1509,192
1510,197
1511,208
1512,214
1513,220
1514,227
1515,227
1516,233
1517,233
1518,238
1519,240
1520,248
1521,250
1522,252
1523,254
1524,257
1525,258
1526,258
1527,258
1528,259
1529,263
1530,263
1531,267
1532,267
1533,268
1534,267
1535,264
1536,264
1537,265
1538,268
1539,268
1540,272
1541,272
1542,273
1543,271
1544,270
1545,271
1546,271
1547,271
1548,271
1549,270
1550,264
1551,264
1552,264
1553,263
1554,262
1555,262
1556,258
1557,256
1558,255
1559,254
1560,249
1561,244
1562,244
1563,243
1564,241
1565,241
1566,238
1567,234
1568,235
1569,234
1570,229
1571,226
1572,223
1573,220
1574,219
1575,217
1576,214
1577,212
1578,200
1579,206
1580,207
1581,211
1582,210
1583,208
1584,206
1585,201
1586,198
1587,195
1588,193
1589,195
1590,193
1591,197
1592,199
1593,198
1594,195
1595,199
1596,199
1597,195
1598,194
1599,190
1600,198
1601,200
1602,202
1603,203
1604,203
1605,207
1606,206
1607,208
1608,210
1609,209
1610,215
1611,210
1612,208
1613,201
1614,199
1615,198
1616,192
1617,195
1618,192
1619,193
1620,191
1621,186
1622,184
1623,183
1624,182
1625,183
1626,180
1627,179
1628,179
1629,177
1630,176
1631,175
1632,177
1633,178
1634,179
1635,178
1636,182
1637,181
1638,184
1639,187
1640,183
1641,182
1642,184
1643,186
1644,188
1645,188
1646,189
1647,188
1648,193
1649,195
1650,195
1651,196
1652,194
1653,196
1654,196
1655,197
1656,197
1657,197
1658,197
1659,197
1660,198
1661,197
1662,198
1663,198
1664,196
1665,196
1666,197
1667,197
1668,197
1669,199
1670,200
1671,202
1672,201
1673,200
1674,196
1675,198
1676,202
1677,205
1678,202
1679,204
1680,204
1681,203
1682,200
1683,200
1684,200
1685,199
1686,198
1687,196
1688,197
1689,197
1690,195
1691,189
1692,187
1693,187
1694,184
1695,182
1696,178
1697,180
1698,178
1699,177
1700,150
1701,151
1702,151
1703,150
1704,150
1705,147
1706,144
1707,141
1708,138
1709,136
1710,127
1711,132
1712,132
1713,133
1714,132
1715,134
1716,132
1717,125
1718,120
1719,119
1720,123
1721,120
1722,114
1723,114
1724,115
1725,116
1726,116
1727,116
1728,113
1729,114
1730,115
1731,113
1732,110
1733,108
1734,108
1735,109
1736,106
1737,104
1738,102
1739,100
1740,100
1741,101
1742,100
1743,100
1744,103
1745,104
1746,108
1747,111
1748,110
1749,110
1750,109
1751,109
1752,105
1753,105
1754,106
1755,146
1756,151
1757,160
1758,164
1759,168
1760,174
1761,178
1762,184
1763,186
1764,193
1765,194
1766,196
1767,196
1768,198
1769,198
1770,200
1771,201
1772,203
1773,206
1774,203
1775,204
1776,201
1777,201
1778,200
1779,197
1780,198
1781,202
1782,202
1783,201
1784,201
1785,203
1786,202
1787,203
1788,205
1789,206
1790,207
1791,207
1792,206
1793,205
1794,207
1795,207
1796,208
1797,208
1798,208
1799,208
1800,206
1801,205
1802,201
1803,203
1804,204
1805,206
1806,205
1807,206
1808,205
1809,206
1810,205
1811,204
1812,207
1813,206
1814,208
1815,207
1816,208
1817,208
1818,209
1819,207
1820,207
1821,210
1822,213
1823,213
1824,216
1825,214
1826,215
1827,215
1828,216
1829,219
1830,223
1831,228
1832,228
1833,228
1834,228
1835,229
1836,232
1837,236
1838,237
1839,239
1840,238
1841,240
1842,235
1843,232
1844,219
1845,229
1846,230
1847,232
1848,229
1849,227
1850,221
1851,217
1852,207
1853,198
1854,200
1855,200
1856,195
1857,187
1858,187
1859,176
1860,175
1861,171
1862,172
1863,168
1864,164
1865,163
1866,162
1867,161
1868,154
1869,158
1870,158
1871,161
1872,160
1873,156
1874,155
1875,157
1876,157
1877,158
1878,164
1879,160
1880,160
1881,159
1882,162
1883,162
1884,163
1885,166
1886,163
1887,162
1888,164
1889,163
1890,167
1891,169
1892,167
1893,167
1894,169
1895,170
1896,171
1897,170
1898,173
1899,174
1900,174
1901,176
1902,175
1903,174
1904,174
1905,175
1906,175
1907,177
1908,179
1909,176
1910,177
1911,178
1912,173
1913,173
1914,172
1915,172
1916,170
1917,171
1918,170
1919,169
1920,169
1921,166
1922,162
1923,161
1924,159
1925,157
1926,154
1927,153
1928,151
1929,146
1930,145
1931,141
1932,139
1933,136
1934,136
1935,134
1936,132
1937,128
1938,125
1939,122
1940,119
1941,115
1942,112
1943,110
1944,108
1945,109
1946,109
1947,109
1948,112
1949,107
1950,107
1951,107
1952,109
1953,109
1954,110
1955,109
1956,106
1957,106
1958,112
1959,111
1960,110
1961,109
1962,116
1963,120
1964,114
1965,115
1966,114
1967,117
1968,115
1969,121
1970,122
1971,123
1972,123
1973,124
1974,121
1975,121
1976,122
1977,121
1978,125
1979,127
1980,126
1981,124
1982,122
1983,122
1984,122
1985,123
1986,124
1987,126
1988,125
1989,124
1990,125
1991,124
1992,124
1993,122
1994,118
1995,126
1996,128
1997,131
1998,129
1999,129
2000,129
2001,132
2002,131
2003,133
2004,136
2005,135
2006,136
2007,136
2008,135
2009,136
2010,138
2011,138
2012,140
2013,140
2014,143
2015,142
2016,142
2017,145
2018,145
2019,145
2020,146
2021,146
2022,146
2023,146
2024,147
2025,147
2026,148
2027,151
2028,153
2029,156
2030,154
2031,155
2032,157
2033,157
2034,157
2035,157
2036,156
2037,157
2038,158
2039,160
2040,161
2041,162
2042,163
2043,165
2044,164
2045,165
2046,168
2047,171
2048,169
2049,171
2050,171
2051,170
2052,171
2053,173
2054,174
2055,177
2056,179
2057,180
2058,177
2059,178
2060,177
2061,174
2062,167
2063,176
2064,182
2065,187
2066,189
2067,192
2068,193
2069,190
2070,188
2071,192
2072,195
2073,197
2074,197
2075,198
2076,197
2077,198
2078,196
2079,197
2080,200
2081,201
2082,200
2083,205
2084,205
2085,204
2086,203
2087,193
2088,202
2089,204
2090,206
2091,205
2092,204
2093,203
2094,197
2095,195
2096,194
2097,192
2098,192
2099,189
2100,185
2101,183
2102,180
2103,179
2104,178
2105,178
2106,176
2107,175
2108,173
2109,173
2110,170
2111,169
2112,169
2113,173
2114,171
2115,170
2116,170
2117,170
2118,181
2119,183
2120,190
2121,199
2122,211
2123,212
2124,214
2125,214
2126,218
2127,225
2128,225
2129,223
2130,234
2131,239
2132,238
2133,238
2134,239
2135,239
2136,238
2137,237
2138,230
2139,246
2140,249
2141,251
2142,255
2143,255
2144,256
2145,248
2146,251
2147,252
2148,250
2149,251
2150,252
2151,250
2152,250
2153,243
2154,242
2155,238
2156,236
2157,234
2158,233
2159,232
2160,231
2161,219
2162,218
2163,217
2164,211
2165,205
2166,202
2167,201
2168,200
2169,201
2170,201
2171,195
2172,195
2173,194
2174,192
2175,190
2176,185
2177,185
2178,185
2179,184
2180,183
2181,178
2182,178
2183,176
2184,173
2185,172
2186,172
2187,171
2188,166
2189,165
2190,164
2191,164
2192,163
2193,163
2194,163
2195,163
2196,163
2197,163
2198,163
2199,164
2200,164
2201,165
2202,165
2203,164
2204,164
2205,164
2206,165
2207,162
2208,159
2209,160
2210,161
2211,159
2212,158
2213,155
2214,154
2215,154
2216,152
2217,143
2218,140
2219,135
2220,128
2221,117
2222,107
2223,107
2224,100
2225,96
2226,91
2227,79
2228,78
2229,76
2230,74
2231,69
2232,68
2233,70
2234,67
2235,64
2236,59
2237,59
2238,59
2239,56
2240,56
2241,57
2242,58
2243,62
2244,62
2245,62
2246,62
2247,65
2248,68
2249,67
2250,67
2251,68
2252,74
2253,75
2254,78
2255,78
2256,81
2257,82
2258,84
2259,84
2260,85
2261,88
2262,91
2263,92
2264,94
2265,98
2266,98
2267,98
2268,95
2269,99
2270,99
2271,100
2272,105
2273,104
2274,107
2275,118
2276,119
2277,121
2278,122
2279,124
2280,125
2281,125
2282,126
2283,125
2284,125
2285,126
2286,127
2287,128
2288,128
2289,128
2290,128
2291,130
2292,131
2293,133
2294,133
2295,134
2296,133
2297,133
2298,133
2299,132
2300,133
2301,131
2302,131
2303,130
2304,132
2305,132
2306,132
2307,132
2308,132
2309,132
2310,131
2311,132
2312,132
2313,132
2314,132
2315,131
2316,132
2317,132
2318,132
2319,132
2320,132
2321,132
2322,132
2323,132
2324,131
2325,131
2326,130
2327,130
2328,131
2329,131
2330,130
2331,130
2332,130
2333,127
2334,127
2335,127
2336,122
2337,123
2338,123
2339,123
2340,120
2341,115
2342,110
2343,110
2344,109
2345,107
2346,103
2347,98
2348,97
2349,98
2350,96
2351,96
2352,92
2353,88
2354,88
2355,88
2356,85
2357,81
2358,81
2359,80
2360,80
2361,74
2362,72
2363,69
2364,67
2365,65
2366,66
2367,66
2368,65
2369,63
2370,64
2371,62
2372,58
2373,52
2374,48
2375,42
2376,44
2377,41
2378,37
2379,32
2380,31
2381,31
2382,29
2383,29
2384,29
2385,29
2386,28
2387,26
2388,26
2389,28
2390,26
2391,24
2392,25
2393,26
2394,26
2395,26
2396,26
2397,26
2398,26
2399,26
2400,26
2401,26
2402,27
2403,26
2404,26
2405,26
2406,26
2407,26
2408,26
2409,26
2410,26
2411,25
2412,25
2413,28
2414,29
2415,30
2416,31
2417,34
2418,35
2419,37
2420,38
2421,40
2422,40
2423,39
2424,43
2425,47
2426,49
2427,52
2428,52
2429,54
2430,57
2431,61
2432,62
2433,63
2434,63
2435,64
2436,64
2437,64
2438,66
2439,70
2440,70
2441,75
2442,78
2443,81
2444,81
2445,81
2446,88
2447,91
2448,94
2449,98
2450,101
2451,105
2452,106
2453,106
2454,111
2455,112
2456,115
2457,117
2458,118
2459,121
2460,124
2461,126
2462,126
2463,126
2464,124
2465,124
2466,126
2467,127
2468,129
2469,130
2470,132
2471,132
2472,132
2473,132
2474,132
2475,130
2476,131
2477,131
2478,131
2479,133
2480,132
2481,134
2482,134
2483,132
2484,132
2485,132
2486,133
2487,134
2488,131
2489,131
2490,132
2491,135
2492,136
2493,138
2494,137
2495,139
2496,139
2497,139
2498,140
2499,143
2500,143
2501,145
2502,144
2503,144
2504,145
2505,146
2506,146
2507,146
2508,146
2509,145
2510,144
2511,144
2512,144
2513,141
2514,140
2515,138
2516,137
2517,135
2518,134
2519,131
2520,130
2521,129
2522,127
2523,126
2524,125
2525,121
2526,118
2527,116
2528,115
2529,113
2530,111
2531,108
2532,99
2533,99
2534,99
2535,99
2536,98
2537,96
2538,93
2539,93
2540,92
2541,90
2542,85
2543,83
2544,80
2545,74
2546,74
2547,72
2548,69
2549,66
2550,65
2551,62
2552,60
2553,59
2554,53
2555,50
2556,47
2557,46
2558,44
2559,43
2560,40
2561,38
2562,37
2563,37
2564,37
2565,36
2566,36
2567,35
2568,34
2569,33
2570,32
2571,31
2572,31
2573,30
2574,30
2575,30
2576,29
2577,29
2578,28
2579,26
2580,25
2581,25
2582,25
2583,25
2584,25
2585,25
2586,25
2587,24
2588,19
2589,20
2590,20
2591,19
2592,20
2593,18
2594,18
2595,18
2596,18
2597,20
2598,18
2599,19
2600,17
2601,17
2602,16
2603,16
2604,15
2605,16
2606,20
2607,22
2608,24
2609,26
2610,29
2611,29
2612,31
2613,32
2614,40
2615,47
2616,56
2617,59
2618,63
2619,65
2620,71
2621,74
2622,78
2623,79
2624,83
2625,90
2626,97
2627,98
2628,98
2629,98
2630,100
2631,100
2632,100
2633,100
2634,120
2635,123
2636,125
2637,127
2638,127
2639,128
2640,131
2641,133
2642,134
2643,135
2644,138
2645,139
2646,142
2647,143
2648,143
2649,144
2650,145
2651,145
2652,145
2653,145
2654,145
2655,145
2656,145
2657,145
2658,145
2659,145
2660,145
2661,145
2662,145
2663,144
2664,144
2665,144
2666,143
2667,145
2668,145
2669,145
2670,145
2671,145
2672,145
2673,145
2674,145
2675,145
2676,144
2677,144
2678,144
2679,145
2680,145
2681,145
2682,145
2683,145
2684,145
2685,145
2686,145
2687,145
2688,144
2689,144
2690,144
2691,144
2692,143
2693,143
2694,143
2695,142
2696,139
2697,139
2698,139
2699,139
2700,139
2701,139
2702,137
2703,137
2704,135
2705,134
2706,128
2707,118
2708,117
2709,116
2710,116
2711,114
2712,113
2713,113
2714,104
2715,98
2716,89
2717,85
2718,81
2719,75
2720,56
2721,53
2722,50
2723,50
2724,49
2725,45
2726,44
2727,43
2728,38
2729,34
2730,29
2731,27
2732,26
2733,24
2734,22
2735,21
2736,21
2737,19
2738,19
2739,18
2740,17
2741,15
2742,14
2743,13
2744,10
2745,9
2746,6
2747,5
2748,5
2749,5
2750,5
2751,5
2752,5
2753,5
2754,5
2755,5
2756,5
2757,5
2758,5
2759,4
2760,4
2761,4
2762,4
2763,4
2764,4
2765,4
2766,4
2767,4
2768,4
2769,4
2770,4
2771,4
2772,4
2773,4
2774,4
2775,4
2776,4
2777,5
2778,5
2779,4
2780,4
2781,5
2782,5
2783,5
2784,5
2785,6
2786,6
2787,6
2788,7
2789,7
2790,7
2791,7
2792,7
2793,7
2794,7
2795,7
2796,7
2797,7
2798,8
2799,8
2800,8
2801,8
2802,8
2803,8
2804,8
2805,8
2806,8
2807,8
2808,8
2809,8
2810,8
2811,8
2812,8
2813,8
2814,8
2815,8
2816,8
2817,8
2818,8
2819,8
2820,8
2821,8
2822,8
2823,8
2824,8
2825,10
2826,10
2827,10
2828,10
2829,10
2830,10
2831,10
2832,11
2833,11
2834,11
2835,11
2836,11
2837,11
2838,11
2839,12
2840,13
2841,13
2842,14
2843,14
2844,14
2845,14
2846,15
2847,15
2848,15
2849,15
2850,15
2851,15
2852,15
2853,15
2854,15
2855,15
2856,15
2857,15
2858,15
2859,16
2860,16
2861,16
2862,17
2863,17
2864,16
2865,16
2866,16
2867,16
2868,16
2869,16
2870,16
2871,16
2872,16
2873,16
2874,16
2875,16
2876,14
2877,15
2878,15
2879,15
2880,15
2881,15
2882,15
2883,15
2884,15
2885,12
2886,12
2887,12
2888,12
2889,13
2890,12
2891,12
2892,12
2893,12
2894,12
2895,12
2896,11
2897,12
2898,12
2899,12
2900,12
2901,12
2902,12
2903,12
2904,12
2905,12
2906,12
2907,12
2908,12
2909,12
2910,12
2911,12
2912,12
2913,12
2914,12
2915,12
2916,12
2917,12
2918,12
2919,12
2920,12
2921,12
2922,12
2923,12
2924,12
2925,10
2926,9
2927,9
2928,9
2929,9
2930,9
2931,9
2932,9
2933,9
2934,8
2935,8
2936,8
2937,8
2938,8
2939,7
2940,6
2941,6
2942,5
2943,5
2944,5
2945,5
2946,5
2947,5
2948,5
2949,5
2950,5
2951,5
2952,5
2953,5
2954,4
2955,4
2956,4
2957,4
2958,4
2959,3
2960,3
2961,3
2962,3
2963,3
2964,3
2965,3
2966,3
2967,3
2968,3
2969,5
2970,6
2971,6
2972,7
2973,7
2974,7
2975,8
2976,10
2977,11
2978,12
2979,13
2980,18
2981,19
2982,20
2983,21
2984,21
2985,21
2986,21
2987,22
2988,22
2989,26
2990,26
2991,26
2992,26
2993,29
2994,29
2995,32
2996,31
2997,30
2998,33
2999,33
3000,34
3001,37
3002,38
3003,41
3004,42
3005,45
3006,49
3007,51
3008,52
3009,53
3010,53
3011,53
3012,53
3013,55
3014,55
3015,55
3016,55
3017,55
3018,57
3019,57
3020,58
3021,58
3022,58
3023,58
3024,58
3025,59
3026,61
3027,61
3028,61
3029,62
3030,63
3031,64
3032,64
3033,64
3034,66
3035,66
3036,66
3037,66
3038,66
3039,66
3040,67
3041,67
3042,68
3043,68
3044,69
3045,69
3046,69
3047,71
3048,71
3049,72
3050,73
3051,73
3052,73
3053,73
3054,73
3055,73
3056,73
3057,73
3058,73
3059,74
3060,74
3061,74
3062,74
3063,75
3064,75
3065,75
3066,75
3067,75
3068,72
3069,77
3070,77
3071,76
3072,76
3073,76
3074,76
3075,76
3076,76
3077,75
3078,78
3079,79
3080,75
3081,87
3082,98
3083,105
3084,115
3085,123
3086,137
3087,145
3088,160
3089,165
3090,172
3091,186
3092,194
3093,207
3094,213
3095,222
3096,236
3097,245
3098,253
3099,261
3100,266
3101,274
3102,283
3103,291
3104,298
3105,304
3106,309
3107,316
3108,327
3109,337
3110,348
3111,355
3112,368
3113,376
3114,391
3115,397
3116,396
3117,397
3118,395
3119,396
3120,395
3121,395
3122,397
3123,398
3124,398
3125,399
3126,399
3127,399
3128,399
3129,398
3130,401
3131,402
3132,402
3133,402
3134,403
3135,403
3136,402
3137,402
3138,402
3139,401
3140,401
3141,401
3142,400
3143,399
3144,399
3145,398
3146,398
3147,398
3148,397
3149,397
3150,397
3151,397
3152,395
3153,395
3154,395
3155,395
3156,395
3157,395
3158,398
3159,398
3160,399
3161,399
3162,399
3163,398
3164,399
3165,398
3166,394
3167,394
3168,393
3169,393
3170,393
3171,393
3172,392
3173,391
3174,388
3175,387
3176,386
3177,386
3178,382
3179,377
3180,376
3181,349
3182,349
3183,339
3184,327
3185,280
3186,280
3187,271
3188,271
3189,271
3190,267
3191,254
3192,243
3193,210
3194,210
3195,210
3196,186
3197,166
3198,166
3199,140
3200,140
3201,140
3202,140
3203,132
3204,132
3205,119
3206,119
3207,94
3208,94
3209,85
3210,69
3211,67
3212,54
3213,45
3214,27
3215,24
3216,24
3217,24
3218,26
3219,25
3220,23
3221,23
3222,21
3223,20
3224,20
3225,20
3226,19
3227,18
3228,17
3229,16
3230,16
3231,16
3232,16
3233,16
3234,16
3235,16
3236,16
3237,16
3238,16
3239,16
3240,16
3241,16
3242,16
3243,16
3244,16
3245,16
3246,16
3247,15
3248,15
3249,15
3250,14
3251,14
3252,14
3253,14
3254,12
3255,12
3256,12
3257,10
3258,9
3259,9
3260,8
3261,8
3262,8
3263,8
3264,8
3265,8
3266,8
3267,9
3268,8
3269,8
3270,8
3271,8
3272,9
3273,10
3274,10
3275,10
3276,10
3277,10
3278,10
3279,10
3280,10
3281,10
3282,10
3283,10
3284,10
3285,9
3286,9
3287,9
3288,9
3289,9
3290,9
3291,9
3292,9
3293,9
3294,9
3295,9
3296,8
3297,8
3298,8
3299,7
3300,6
3301,6
3302,6
3303,6
3304,6
3305,6
3306,6
3307,6
3308,5
3309,5
3310,5
3311,5
3312,5
3313,5
3314,7
3315,7
3316,7
3317,7
3318,7
3319,6
3320,6
3321,6
3322,7
3323,7
3324,7
3325,7
3326,7
3327,7
3328,7
3329,7
3330,7
3331,7
3332,7
3333,7
3334,7
3335,7
3336,7
3337,6
3338,6
3339,6
3340,6
3341,6
3342,6
3343,6
3344,6
3345,6
3346,6
3347,6
3348,7
3349,7
3350,7
3351,7
3352,8
3353,7
3354,7
3355,8
3356,8
3357,8
3358,8
3359,8
3360,8
3361,8
3362,8
3363,8
3364,8
3365,9
3366,9
3367,9
3368,9
3369,10
3370,11
3371,12
3372,12
3373,12
3374,12
3375,12
3376,12
3377,12
3378,12
3379,12
3380,12
3381,12
3382,13
3383,13
3384,13
3385,13
3386,16
3387,16
3388,16
3389,16
3390,18
3391,18
3392,19
3393,20
3394,20
3395,21
3396,24
3397,24
3398,24
3399,26
3400,28
3401,29
3402,29
3403,30
3404,31
3405,31
3406,32
3407,32
3408,32
3409,33
3410,34
3411,35
3412,39
3413,42
3414,50
3415,55
3416,58
3417,62
3418,66
3419,69
3420,72
3421,75
3422,80
3423,86
3424,91
3425,98
3426,103
3427,106
3428,109
3429,113
3430,113
3431,113
3432,113
3433,140
3434,147
3435,155
3436,162
3437,168
3438,174
3439,180
3440,192
3441,202
3442,213
3443,225
3444,234
3445,237
3446,246
3447,253
3448,261
3449,270
3450,283
3451,289
3452,302
3453,314
3454,325
3455,334
3456,345
3457,364
3458,381
3459,396
3460,411
3461,430
3462,454
3463,483
3464,508
3465,544
3466,558
3467,578
3468,595
3469,619
3470,652
3471,675
3472,689
3473,701
3474,728
3475,746
3476,760
3477,780
3478,791
3479,811
3480,815
3481,824
3482,838
3483,861
3484,875
3485,882
3486,907
3487,916
3488,920
3489,950
3490,959
3491,965
3492,970
3493,983
3494,992
3495,1003
3496,1008
3497,1018
3498,1028
3499,1031
3500,1039
3501,1044
3502,1053
3503,1065
3504,1067
3505,1068
3506,1069
3507,1072
3508,1076
3509,1099
3510,1102
3511,1103
3512,1090
3513,1092
3514,1094
3515,1090
3516,1086
3517,1079
3518,1075
3519,1073
3520,1068
3521,1063
3522,1055
3523,1037
3524,1037
3525,1037
3526,1036
3527,1036
3528,1002
3529,1003
3530,1007
3531,1009
3532,1006
3533,998
3534,981
3535,981
3536,973
3537,971
3538,920
3539,919
3540,917
3541,916
3542,916
3543,907
3544,906
3545,900
3546,868
3547,866
3548,845
3549,843
3550,842
3551,839
3552,807
3553,805
3554,779
3555,774
3556,751
3557,746
3558,716
3559,709
3560,704
3561,665
3562,661
3563,651
3564,611
3565,590
3566,566
3567,555
3568,536
3569,515
3570,492
3571,472
3572,454
3573,441
3574,414
3575,394
3576,372
3577,355
3578,339
3579,326
3580,303
3581,288
3582,269
3583,260
3584,252
3585,226
3586,211
3587,195
3588,182
3589,166
3590,161
3591,157
3592,146
3593,135
3594,121
3595,107
3596,96
3597,92
3598,84
3599,76
3600,69
3601,65
3602,61
3603,51
3604,43
3605,38
3606,34
3607,29
3608,19
3609,21
3610,21
3611,22
3612,23
3613,24
3614,24
3615,23
3616,24
3617,26
3618,27
3619,27
3620,27
3621,27
3622,27
3623,29
3624,30
3625,31
3626,31
3627,33
3628,33
3629,32
3630,32
3631,32
3632,33
3633,33
3634,33
3635,33
3636,35
3637,35
3638,35
3639,36
3640,35
3641,35
3642,33
3643,33
3644,33
3645,33
3646,34
3647,34
3648,34
3649,35
3650,35
3651,36
3652,34
3653,34
3654,34
3655,36
3656,36
3657,36
3658,36
3659,36
3660,37
3661,37
3662,37
3663,37
3664,36
3665,36
3666,36
3667,36
3668,36
3669,36
3670,36
3671,36
3672,36
3673,36
3674,36
3675,36
3676,36
3677,36
3678,36
3679,36
3680,36
3681,36
3682,36
3683,36
3684,36
3685,36
3686,36
3687,37
3688,38
3689,38
3690,38
3691,37
3692,37
3693,37
3694,38
3695,37
3696,37
3697,37
3698,37
3699,37
3700,36
3701,36
3702,36
3703,36
3704,35
3705,36
3706,36
3707,36
3708,37
3709,37
3710,37
3711,34
3712,34
3713,33
3714,32
3715,32
3716,29
3717,29
3718,28
3719,27
3720,27
3721,26
3722,25
3723,22
3724,21
3725,21
3726,20
3727,20
3728,20
3729,21
3730,21
3731,21
3732,22
3733,22
3734,21
3735,21
3736,20
3737,22
3738,22
3739,22
3740,23
3741,23
3742,24
3743,24
3744,31
3745,31
3746,31
3747,30
3748,30
3749,29
3750,29
3751,29
3752,27
3753,27
3754,29
3755,29
3756,29
3757,29
3758,34
3759,36
3760,37
3761,41
3762,43
3763,43
3764,43
3765,43
3766,47
3767,47
3768,50
3769,50
3770,50
3771,51
3772,52
3773,52
3774,52
3775,54
3776,54
3777,54
3778,55
3779,55
3780,59
3781,59
3782,60
3783,61
3784,66
3785,67
3786,67
3787,67
3788,67
3789,70
3790,73
3791,73
3792,77
3793,79
3794,80
3795,87
3796,88
3797,90
3798,95
3799,96
3800,102
3801,105
3802,105
3803,109
3804,114
3805,117
3806,120
3807,119
3808,125
3809,127
3810,127
3811,127
3812,131
3813,135
3814,135
3815,142
3816,150
3817,150
3818,150
3819,150
3820,158
3821,163
3822,169
3823,172
3824,199
3825,220
3826,234
3827,253
3828,274
3829,295
3830,309
3831,321
3832,328
3833,345
3834,362
3835,372
3836,371
3837,391
3838,415
3839,423
3840,441
3841,453
3842,470
3843,486
3844,488
3845,491
3846,528
3847,527
3848,549
3849,568
3850,576
3851,587
3852,596
3853,609
3854,624
3855,631
3856,630
3857,636
3858,657
3859,670
3860,701
3861,712
3862,720
3863,719
3864,718
3865,727
3866,733
3867,733
3868,732
3869,741
3870,752
3871,756
3872,756
3873,762
3874,764
3875,764
3876,766
3877,766
3878,764
3879,762
3880,761
3881,762
3882,764
3883,766
3884,763
3885,761
3886,764
3887,764
3888,765
3889,763
3890,760
3891,759
3892,756
3893,754
3894,752
3895,748
3896,746
3897,741
3898,737
3899,733
3900,733
3901,730
3902,729
3903,725
3904,722
3905,718
3906,717
3907,715
3908,708
3909,706
3910,705
3911,704
3912,701
3913,698
3914,691
3915,690
3916,683
3917,680
3918,677
3919,676
3920,668
3921,664
3922,662
3923,658
3924,635
3925,608
3926,597
3927,577
3928,552
3929,531
3930,518
3931,508
3932,495
3933,477
3934,463
3935,452
3936,430
3937,416
3938,404
3939,398
3940,377
3941,310
3942,312
3943,312
3944,312
3945,305
3946,293
3947,285
3948,272
3949,254
3950,246
3951,234
3952,223
3953,208
3954,194
3955,186
3956,182
3957,161
3958,145
3959,129
3960,112
3961,100
3962,91
3963,89
3964,82
3965,77
3966,73
3967,68
3968,65
3969,57
3970,52
3971,48
3972,46
3973,40
3974,40
3975,42
3976,41
3977,40
3978,40
3979,39
3980,39
3981,38
3982,38
3983,36
3984,35
3985,32
3986,32
3987,31
3988,31
3989,32
3990,31
3991,31
3992,28
3993,27
3994,28
3995,28
3996,29
3997,29
3998,30
3999,33
4000,33
4001,33
4002,33
4003,33
4004,33
4005,33
4006,33
4007,34
4008,37
4009,37
4010,36
4011,36
4012,36
4013,36
4014,36
4015,37
4016,37
4017,38
4018,38
4019,41
4020,42
4021,42
4022,42
4023,43
4024,43
4025,43
4026,43
4027,43
4028,43
4029,44
4030,44
4031,43
4032,44
4033,45
4034,45
4035,48
4036,49
4037,49
4038,48
4039,49
4040,49
4041,49
4042,50
4043,51
4044,51
4045,52
4046,53
4047,53
4048,53
4049,53
4050,53
4051,55
4052,56
4053,58
4054,60
4055,62
4056,60
4057,60
4058,60
4059,60
4060,62
4061,63
4062,63
4063,63
4064,64
4065,63
4066,63
4067,63
4068,65
4069,66
4070,67
4071,67
4072,67
4073,68
4074,68
4075,67
4076,67
4077,67
4078,69
4079,69
4080,69
4081,69
4082,70
4083,71
4084,70
4085,70
4086,71
4087,71
4088,72
4089,71
4090,72
4091,73
4092,72
4093,72
4094,73
4095,73
4096,73
4097,73
4098,69
4099,69
4100,70
4101,69
4102,71
4103,73
4104,73
4105,73
4106,70
4107,68
4108,70
4109,72
4110,72
4111,72
4112,71
4113,72
4114,73
4115,74
4116,73
4117,73
4118,73
4119,70
4120,68
4121,69
4122,68
4123,67
4124,68
4125,68
4126,68
4127,69
4128,69
4129,71
4130,71
4131,71
4132,71
4133,71
4134,70
4135,71
4136,69
4137,69
4138,69
4139,69
4140,70
4141,71
4142,72
4143,73
4144,73
4145,76
4146,74
4147,73
4148,74
4149,74
4150,72
4151,72
4152,71
4153,71
4154,68
4155,66
4156,66
4157,66
4158,67
4159,72
4160,73
4161,72
4162,73
4163,74
4164,74
4165,74
4166,72
4167,73
4168,75
4169,79
4170,79
4171,79
4172,80
4173,79
4174,82
4175,82
4176,81
4177,81
4178,80
4179,81
4180,80
4181,82
4182,83
4183,84
4184,84
4185,86
4186,86
4187,87
4188,85
4189,86
4190,87
4191,88
4192,86
4193,88
4194,88
4195,92
4196,94
4197,97
4198,101
4199,103
4200,104
4201,106
4202,104
4203,105
4204,106
4205,108
4206,111
4207,114
4208,113
4209,114
4210,116
4211,119
4212,119
4213,120
4214,121
4215,121
4216,122
4217,123
4218,122
4219,122
4220,123
4221,124
4222,126
4223,126
4224,127
4225,129
4226,131
4227,132
4228,130
4229,132
4230,132
4231,131
4232,127
4233,128
4234,128
4235,129
4236,128
4237,128
4238,126
4239,126
4240,126
4241,126
4242,124
4243,124
4244,123
4245,121
4246,120
4247,118
4248,123
4249,123
4250,123
4251,121
4252,122
4253,123
4254,122
4255,117
4256,119
4257,119
4258,117
4259,118
4260,117
4261,118
4262,120
4263,120
4264,120
4265,120
4266,116
4267,114
4268,113
4269,117
4270,117
4271,122
4272,125
4273,125
4274,122
4275,123
4276,123
4277,120
4278,120
4279,120
4280,116
4281,118
4282,117
4283,113
4284,110
4285,110
4286,109
4287,109
4288,110
4289,110
4290,109
4291,110
4292,109
4293,108
4294,110
4295,108
4296,106
4297,107
4298,103
4299,102
4300,100
4301,99
4302,101
4303,101
4304,102
4305,100
4306,99
4307,98
4308,98
4309,98
4310,99
4311,96
4312,97
4313,96
4314,97
4315,96
4316,95
4317,96
4318,96
4319,100
4320,100
4321,100
4322,102
4323,103
4324,103
4325,103
4326,104
4327,103
4328,103
4329,103
4330,103
4331,106
4332,106
4333,106
4334,108
4335,108
4336,108
4337,109
4338,111
4339,110
4340,112
4341,114
4342,112
4343,113
4344,114
4345,117
4346,115
4347,116
4348,114
4349,115
4350,115
4351,115
4352,115
4353,115
4354,116
4355,117
4356,116
4357,117
4358,118
4359,117
4360,117
4361,117
4362,115
4363,116
4364,117
4365,116
4366,115
4367,113
4368,111
4369,109
4370,107
4371,103
4372,100
4373,102
4374,102
4375,102
4376,102
4377,102
4378,103
4379,102
4380,102
4381,101
4382,101
4383,101
4384,99
4385,99
4386,98
4387,97
4388,97
4389,96
4390,94
4391,93
4392,91
4393,86
4394,88
4395,88
4396,90
4397,92
4398,90
4399,90
4400,90
4401,88
4402,81
4403,80
4404,79
4405,79
4406,79
4407,78
4408,80
4409,76
4410,73
4411,74
4412,74
4413,73
4414,67
4415,70
4416,70
4417,71
4418,72
4419,72
4420,73
4421,71
4422,70
4423,71
4424,69
4425,67
4426,63
4427,65
4428,66
4429,67
4430,70
4431,67
4432,67
4433,66
4434,66
4435,67
4436,73
4437,71
4438,71
4439,72
4440,73
4441,73
4442,73
4443,74
4444,75
4445,77
4446,77
4447,77
4448,73
4449,74
4450,75
4451,75
4452,78
4453,78
4454,77
4455,78
4456,76
4457,75
4458,76
4459,75
4460,76
4461,77
4462,78
4463,76
4464,76
4465,76
4466,76
4467,75
4468,76
4469,76
4470,76
4471,78
4472,81
4473,81
4474,82
4475,83
4476,83
4477,83
4478,79
4479,79
4480,79
4481,79
4482,79
4483,77
4484,77
4485,77
4486,77
4487,77
4488,77
4489,76
4490,75
4491,75
4492,71
4493,70
4494,69
4495,69
4496,69
4497,68
4498,67
4499,67
4500,61
4501,61
4502,61
4503,61
4504,60
4505,59
4506,54
4507,53
4508,53
4509,53
4510,53
4511,51
4512,50
4513,50
4514,47
4515,47
4516,47
4517,45
4518,45
4519,43
4520,42
4521,40
4522,39
4523,36
4524,21
4525,21
4526,20
4527,18
4528,18
4529,17
4530,15
4531,14
4532,14
4533,13
4534,12
4535,12
4536,12
4537,11
4538,9
4539,8
4540,7
4541,7
4542,7
4543,7
4544,6
4545,6
4546,5
4547,5
4548,5
4549,5
4550,5
4551,4
4552,4
4553,2
4554,2
4555,2
4556,2
4557,2
4558,2
4559,1
4560,1
4561,1
4562,1
4563,0
4564,0
4565,0
4566,0
4567,0
4568,0
4569,0
4570,0
4571,0
4572,0
4573,0
4574,0
4575,0
4576,0
4577,0
4578,0
4579,0
4580,0
4581,0
4582,0
4583,0
4584,0
4585,0
4586,0
4587,1
4588,1
4589,1
4590,1
4591,1
4592,1
4593,1
4594,1
4595,1
4596,1
4597,1
4598,1
4599,1
4600,1
4601,1
4602,1
4603,5
4604,5
4605,5
4606,5
4607,5
4608,5
4609,5
4610,5
4611,6
4612,6
4613,6
4614,6
4615,6
4616,7
4617,7
4618,7
4619,7
4620,7
4621,7
4622,7
4623,7
4624,7
4625,8
4626,8
4627,8
4628,8
4629,9
4630,9
4631,9
4632,9
4633,12
4634,24
4635,24
4636,24
4637,24
4638,24
4639,24
4640,24
4641,24
4642,24
4643,24
4644,24
4645,25
4646,25
4647,25
4648,25
4649,26
4650,26
4651,26
4652,26
4653,26
4654,25
4655,25
4656,27
4657,27
4658,27
4659,31
4660,31
4661,31
4662,32
4663,32
4664,33
4665,33
4666,34
4667,35
4668,36
4669,36
4670,35
4671,36
4672,36
4673,36
4674,37
4675,37
4676,39
4677,39
4678,39
4679,39
4680,40
4681,40
4682,41
4683,41
4684,41
4685,41
4686,41
4687,39
4688,39
4689,37
4690,38
4691,38
4692,39
4693,38
4694,38
4695,38
4696,38
4697,37
4698,38
4699,39
4700,38
4701,40
4702,41
4703,41
4704,40
4705,40
4706,40
4707,41
4708,40
4709,41
4710,42
4711,43
4712,43
4713,42
4714,45
4715,45
4716,45
4717,44
4718,42
4719,44
4720,46
4721,47
4722,48
4723,48
4724,48
4725,47
4726,48
4727,48
4728,48
4729,47
4730,46
4731,46
4732,46
4733,50
4734,51
4735,51
4736,51
4737,52
4738,53
4739,53
4740,54
4741,55
4742,53
4743,53
4744,54
4745,54
4746,53
4747,53
4748,52
4749,52
4750,52
4751,53
4752,52
4753,52
4754,52
4755,52
4756,52
4757,52
4758,53
4759,53
4760,53
4761,52
4762,52
4763,51
4764,52
4765,53
4766,52
4767,53
4768,52
4769,52
4770,52
4771,52
4772,51
4773,51
4774,51
4775,49
4776,47
4777,47
4778,47
4779,47
4780,47
4781,49
4782,49
4783,49
4784,49
4785,48
4786,48
4787,47
4788,47
4789,46
4790,45
4791,45
4792,45
4793,45
4794,45
4795,44
4796,43
4797,46
4798,48
4799,47
4800,47
4801,48
4802,49
4803,48
4804,48
4805,48
4806,47
4807,47
4808,47
4809,48
4810,47
4811,47
4812,49
4813,47
4814,46
4815,47
4816,48
4817,50
4818,51
4819,50
4820,48
4821,46
4822,45
4823,45
4824,43
4825,43
4826,47
4827,48
4828,50
4829,54
4830,54
4831,53
4832,53
4833,53
4834,53
4835,53
4836,53
4837,56
4838,56
4839,56
4840,55
4841,56
4842,56
4843,56
4844,56
4845,56
4846,56
4847,56
4848,56
4849,55
4850,55
4851,55
4852,55
4853,54
4854,54
4855,52
4856,52
4857,51
4858,49
4859,49
4860,49
4861,49
4862,49
4863,49
4864,48
4865,47
4866,46
4867,46
4868,44
4869,44
4870,44
4871,44
4872,44
4873,21
4874,16
4875,10
4876,8
4877,8
4878,0
4879,0
4880,0
4881,0
4882,0
4883,0
4884,0
4885,0
4886,0
4887,0
4888,0
4889,0
4890,0
4891,0
4892,0
4893,0
4894,0
4895,0
4896,0
4897,0
4898,0
4899,0
4900,0
4901,0
4902,0
4903,0
4904,0
4905,0
4906,0
4907,0
4908,0
4909,0
4910,0
4911,0
4912,0
4913,0
4914,0
4915,0
4916,0
4917,0
4918,0
4919,0
4920,0
4921,0
4922,0
4923,0
4924,0
4925,0
4926,0
4927,0
4928,0
4929,0
4930,0
4931,0
4932,0
4933,0
4934,0
4935,0
4936,0
4937,0
4938,0
4939,0
4940,0
4941,0
4942,0
4943,0
4944,0
4945,0
4946,0
